date,machine,Shaft Speed of Motor (RPM),point,BPFO (Y9),BPFI (Y10),FTF (Y11),BSF (Y12),Severity of bearing defect (Y13)
2025-06-27,P-210S,1470,M1A,1,1,1,1,1.0
2025-06-27,P-210S,1470,M1V,1,1,1,1,1.0
2025-06-27,P-210S,1470,M1H,1,1,1,1,1.0
2025-06-27,P-210S,1470,M2A,1,1,1,1,1.0
2025-06-27,P-210S,1470,M2V,1,1,1,1,1.0
2025-06-27,P-210S,1470,M2H,1,1,1,1,1.0
2025-06-27,P-210S,1470,P3V,1,1,1,1,1.0
2025-06-27,P-210S,1470,P3H,1,1,1,1,1.0
2025-06-27,P-210S,1470,P4A,1,1,1,1,1.0
2025-06-27,P-210S,1470,P4V,1,1,1,1,1.0
2025-06-27,P-210S,1470,P4H,1,1,1,1,1.0
2025-10-16,P-566S,2900,M1A,1,1,1,1,1.0
2025-10-16,P-566S,2900,M1V,1,1,1,1,1.0
2025-10-16,P-566S,2900,M1H,1,1,1,1,1.0
2025-10-16,P-566S,2900,M2A,1,1,1,1,1.0
2025-10-16,P-566S,2900,M2V,1,1,1,1,1.0
2025-10-16,P-566S,2900,M2H,1,1,1,1,1.0
2025-10-16,P-566S,2900,P3V,1,1,1,1,1.0
2025-10-16,P-566S,2900,P3H,1,1,1,1,1.0
2025-10-16,P-566S,2900,P4A,1,1,1,1,1.0
2025-10-16,P-566S,2900,P4V,1,1,1,1,1.0
2025-10-16,P-566S,2900,P4H,1,1,1,1,1.0
2025-11-20,P-3602A,2965,M1A,1,1,1,1,1.0
2025-11-20,P-3602A,2965,M1V,1,1,1,1,1.0
2025-11-20,P-3602A,2965,M1H,1,1,1,1,1.0
2025-11-20,P-3602A,2965,M2A,1,1,1,1,1.0
2025-11-20,P-3602A,2965,M2V,1,1,1,1,1.0
2025-11-20,P-3602A,2965,M2H,1,1,1,1,1.0
2025-11-20,P-3602A,2965,P3V,1,1,1,1,1.0
2025-11-20,P-3602A,2965,P3H,1,1,1,1,1.0
2025-11-20,P-3602A,2965,P4A,1,1,1,1,1.0
2025-11-20,P-3602A,2965,P4V,1,1,1,1,1.0
2025-11-20,P-3602A,2965,P4H,1,1,1,1,1.0
2025-11-07,P-4705A,1463,M1A,1,1,1,1,1.0
2025-11-07,P-4705A,1463,M1V,1,1,1,1,1.0
2025-11-07,P-4705A,1463,M1H,1,1,1,1,1.0
2025-11-07,P-4705A,1463,M2A,1,1,1,1,1.0
2025-11-07,P-4705A,1463,M2V,1,1,1,1,1.0
2025-11-07,P-4705A,1463,M2H,1,1,1,1,1.0
2025-11-07,P-4705A,1463,P3V,1,1,1,1,1.0
2025-11-07,P-4705A,1463,P3H,1,1,1,1,1.0
2025-11-07,P-4705A,1463,P4A,1,1,1,1,1.0
2025-11-07,P-4705A,1463,P4V,1,1,1,1,1.0
2025-11-07,P-4705A,1463,P4H,1,1,1,1,1.0
2025-07-24,R-180,985,M1A,1,1,1,1,1.0
2025-07-24,R-180,985,M1V,1,1,1,1,1.0
2025-07-24,R-180,985,M1H,1,1,1,1,1.0
2025-07-24,R-180,985,M2A,1,1,1,1,1.0
2025-07-24,R-180,985,M2V,1,1,1,1,1.0
2025-07-24,R-180,985,M2H,1,1,1,1,1.0
2025-07-24,R-180,985,P3V,1,1,1,1,1.0
2025-07-24,R-180,985,P3H,1,1,1,1,1.0
2025-07-24,R-180,985,P4A,1,1,1,1,1.0
2025-07-24,R-180,985,P4V,1,1,1,1,1.0
2025-07-24,R-180,985,P4H,1,1,1,1,1.0
2025-12-08,P-478S,2975,M1A,1,1,1,1,1.0
2025-12-08,P-478S,2975,M1V,1,1,1,1,1.0
2025-12-08,P-478S,2975,M1H,1,1,1,1,1.0
2025-12-08,P-478S,2975,M2A,1,1,2,1,2.0
2025-12-08,P-478S,2975,M2V,1,1,2,1,2.0
2025-12-08,P-478S,2975,M2H,1,1,2,1,2.0
2025-12-08,P-478S,2975,P3V,1,1,1,1,1.0
2025-12-08,P-478S,2975,P3H,1,1,1,1,1.0
2025-12-08,P-478S,2975,P4A,1,1,1,1,1.0
2025-12-08,P-478S,2975,P4V,1,1,1,1,1.0
2025-12-08,P-478S,2975,P4H,1,1,1,1,1.0
2025-12-09,P-478S,2975,M1A,1,1,1,1,1.0
2025-12-09,P-478S,2975,M1V,1,1,1,1,1.0
2025-12-09,P-478S,2975,M1H,1,1,1,1,1.0
2025-12-09,P-478S,2975,M2A,1,1,2,1,2.0
2025-12-09,P-478S,2975,M2V,1,1,2,1,2.0
2025-12-09,P-478S,2975,M2H,1,1,2,1,2.0
2025-12-09,P-478S,2975,P3V,1,1,1,1,1.0
2025-12-09,P-478S,2975,P3H,1,1,1,1,1.0
2025-12-09,P-478S,2975,P4A,1,1,1,1,1.0
2025-12-09,P-478S,2975,P4V,1,1,1,1,1.0
2025-12-09,P-478S,2975,P4H,1,1,1,1,1.0
2025-12-10,P-478S,2975,M1A,1,1,1,1,1.0
2025-12-10,P-478S,2975,M1V,1,1,1,1,1.0
2025-12-10,P-478S,2975,M1H,1,1,1,1,1.0
2025-12-10,P-478S,2975,M2A,1,1,2,1,2.0
2025-12-10,P-478S,2975,M2V,1,1,2,1,2.0
2025-12-10,P-478S,2975,M2H,1,1,2,1,2.0
2025-12-10,P-478S,2975,P3V,1,1,1,1,1.0
2025-12-10,P-478S,2975,P3H,1,1,1,1,1.0
2025-12-10,P-478S,2975,P4A,1,1,1,1,1.0
2025-12-10,P-478S,2975,P4V,1,1,1,1,1.0
2025-12-10,P-478S,2975,P4H,1,1,1,1,1.0
2025-12-12,P-478S,2975,M1A,1,1,1,1,1.0
2025-12-12,P-478S,2975,M1V,1,1,1,1,1.0
2025-12-12,P-478S,2975,M1H,1,1,1,1,1.0
2025-12-12,P-478S,2975,M2A,1,1,2,1,2.0
2025-12-12,P-478S,2975,M2V,1,1,2,1,2.0
2025-12-12,P-478S,2975,M2H,1,1,2,1,2.0
2025-12-12,P-478S,2975,P3V,1,1,1,1,1.0
2025-12-12,P-478S,2975,P3H,1,1,1,1,1.0
2025-12-12,P-478S,2975,P4A,1,1,1,1,1.0
2025-12-12,P-478S,2975,P4V,1,1,1,1,1.0
2025-12-12,P-478S,2975,P4H,1,1,1,1,1.0
2025-12-13,P-478S,2975,M1A,1,1,1,1,1.0
2025-12-13,P-478S,2975,M1V,1,1,1,1,1.0
2025-12-13,P-478S,2975,M1H,1,1,1,1,1.0
2025-12-13,P-478S,2975,M2A,1,1,2,1,2.0
2025-12-13,P-478S,2975,M2V,1,1,2,1,2.0
2025-12-13,P-478S,2975,M2H,1,1,2,1,2.0
2025-12-13,P-478S,2975,P3V,1,1,1,1,1.0
2025-12-13,P-478S,2975,P3H,1,1,1,1,1.0
2025-12-13,P-478S,2975,P4A,1,1,1,1,1.0
2025-12-13,P-478S,2975,P4V,1,1,1,1,1.0
2025-12-13,P-478S,2975,P4H,1,1,1,1,1.0
2025-12-14,P-478S,2975,M1A,1,1,1,1,1.0
2025-12-14,P-478S,2975,M1V,1,1,1,1,1.0
2025-12-14,P-478S,2975,M1H,1,1,1,1,1.0
2025-12-14,P-478S,2975,M2A,1,1,2,1,2.0
2025-12-14,P-478S,2975,M2V,1,1,2,1,2.0
2025-12-14,P-478S,2975,M2H,1,1,2,1,2.0
2025-12-14,P-478S,2975,P3V,1,1,1,1,1.0
2025-12-14,P-478S,2975,P3H,1,1,1,1,1.0
2025-12-14,P-478S,2975,P4A,1,1,1,1,1.0
2025-12-14,P-478S,2975,P4V,1,1,1,1,1.0
2025-12-14,P-478S,2975,P4H,1,1,1,1,1.0
2024-05-11,PM-1011R,2980,M1A,1,1,1,1,1.0
2024-05-11,PM-1011R,2980,M1V,1,1,1,1,1.0
2024-05-11,PM-1011R,2980,M1H,1,1,1,1,1.0
2024-05-11,PM-1011R,2980,M2A,3,1,3,3,3.0
2024-05-11,PM-1011R,2980,M2V,3,1,3,3,3.0
2024-05-11,PM-1011R,2980,M2H,3,1,3,3,3.0
2024-05-11,P-1011R,2980,P3V,1,1,1,1,1.0
2024-05-11,P-1011R,2980,P3H,1,1,1,1,1.0
2024-05-11,P-1011R,2980,P4A,1,1,1,1,1.0
2024-05-11,P-1011R,2980,P4V,1,1,1,1,1.0
2024-05-11,P-1011R,2980,P4H,1,1,1,1,1.0
2025-04-23,PM-1121A,1470,M1A,3,1,3,3,3.0
2025-04-23,PM-1121A,1470,M1V,3,1,3,3,3.0
2025-04-23,PM-1121A,1470,M1H,3,1,3,3,3.0
2025-04-23,PM-1121A,1470,M2A,1,1,1,1,1.0
2025-04-23,PM-1121A,1470,M2V,1,1,1,1,1.0
2025-04-23,PM-1121A,1470,M2H,1,1,1,1,1.0
2025-04-23,P-1121A,1470,P3V,1,1,1,1,1.0
2025-04-23,P-1121A,1470,P3H,1,1,1,1,1.0
2025-04-23,P-1121A,1470,P4A,1,3,1,3,3.0
2025-04-23,P-1121A,1470,P4V,1,3,1,3,3.0
2025-04-23,P-1121A,1470,P4H,1,3,1,3,3.0
2025-05-21,PM-1121A,1470,M1A,1,1,1,1,1.0
2025-05-21,PM-1121A,1470,M1V,1,1,1,1,1.0
2025-05-21,PM-1121A,1470,M1H,1,1,1,1,1.0
2025-05-21,PM-1121A,1470,M2A,1,1,1,1,1.0
2025-05-21,PM-1121A,1470,M2V,1,1,1,1,1.0
2025-05-21,PM-1121A,1470,M2H,1,1,1,1,1.0
2025-05-21,P-1121A,1470,P3V,1,1,1,1,1.0
2025-05-21,P-1121A,1470,P3H,1,1,1,1,1.0
2025-05-21,P-1121A,1470,P4A,1,3,1,3,3.0
2025-05-21,P-1121A,1470,P4V,1,3,1,3,3.0
2025-05-21,P-1121A,1470,P4H,1,3,1,3,3.0
2025-07-21,PM-1201R,2900,M1A,1,1,1,1,1.0
2025-07-21,PM-1201R,2900,M1V,1,1,1,1,1.0
2025-07-21,PM-1201R,2900,M1H,1,1,1,1,1.0
2025-07-21,PM-1201R,2900,M2A,1,1,1,1,1.0
2025-07-21,PM-1201R,2900,M2V,1,1,1,1,1.0
2025-07-21,PM-1201R,2900,M2H,1,1,1,1,1.0
2025-07-21,P-1201R,2900,P3V,3,1,3,3,3.0
2025-07-21,P-1201R,2900,P3H,3,1,3,3,3.0
2025-07-21,P-1201R,2900,P4A,1,1,1,1,1.0
2025-07-21,P-1201R,2900,P4V,1,1,1,1,1.0
2025-07-21,P-1201R,2900,P4H,1,1,1,1,1.0
2024-05-04,PM-1210A,2950,M1A,3,1,3,3,3.0
2024-05-04,PM-1210A,2950,M1V,3,1,3,3,3.0
2024-05-04,PM-1210A,2950,M1H,3,1,3,3,3.0
2024-05-04,PM-1210A,2950,M2A,1,3,3,3,3.0
2024-05-04,PM-1210A,2950,M2V,1,3,3,3,3.0
2024-05-04,PM-1210A,2950,M2H,1,3,3,3,3.0
2024-05-04,P-1210A,2950,P3V,1,1,1,1,1.0
2024-05-04,P-1210A,2950,P3H,1,1,1,1,1.0
2024-05-04,P-1210A,2950,P4A,1,1,1,1,1.0
2024-05-04,P-1210A,2950,P4V,1,1,1,1,1.0
2024-05-04,P-1210A,2950,P4H,1,1,1,1,1.0
2024-05-10,PM-1210A,2950,M1A,3,1,3,3,3.0
2024-05-10,PM-1210A,2950,M1V,3,1,3,3,3.0
2024-05-10,PM-1210A,2950,M1H,3,1,3,3,3.0
2024-05-10,PM-1210A,2950,M2A,1,3,3,3,3.0
2024-05-10,PM-1210A,2950,M2V,1,3,3,3,3.0
2024-05-10,PM-1210A,2950,M2H,1,3,3,3,3.0
2024-05-10,P-1210A,2950,P3V,1,1,1,1,1.0
2024-05-10,P-1210A,2950,P3H,1,1,1,1,1.0
2024-05-10,P-1210A,2950,P4A,1,1,1,1,1.0
2024-05-10,P-1210A,2950,P4V,1,1,1,1,1.0
2024-05-10,P-1210A,2950,P4H,1,1,1,1,1.0
2024-05-16,PM-1210A,2950,M1A,3,1,3,3,3.0
2024-05-16,PM-1210A,2950,M1V,3,1,3,3,3.0
2024-05-16,PM-1210A,2950,M1H,3,1,3,3,3.0
2024-05-16,PM-1210A,2950,M2A,1,3,3,3,3.0
2024-05-16,PM-1210A,2950,M2V,1,3,3,3,3.0
2024-05-16,PM-1210A,2950,M2H,1,3,3,3,3.0
2024-05-16,P-1210A,2950,P3V,1,1,1,1,1.0
2024-05-16,P-1210A,2950,P3H,1,1,1,1,1.0
2024-05-16,P-1210A,2950,P4A,1,1,1,1,1.0
2024-05-16,P-1210A,2950,P4V,1,1,1,1,1.0
2024-05-16,P-1210A,2950,P4H,1,1,1,1,1.0
2025-12-10,PM-1302R,2977,M1A,3,1,1,3,3.0
2025-12-10,PM-1302R,2977,M1V,3,1,1,3,3.0
2025-12-10,PM-1302R,2977,M1H,3,1,1,3,3.0
2025-12-10,PM-1302R,2977,M2A,3,1,1,3,3.0
2025-12-10,PM-1302R,2977,M2V,3,1,1,3,3.0
2025-12-10,PM-1302R,2977,M2H,3,1,1,3,3.0
2025-12-10,P-1302R,2977,P3V,1,1,1,1,1.0
2025-12-10,P-1302R,2977,P3H,1,1,1,1,1.0
2025-12-10,P-1302R,2977,P4A,1,1,1,1,1.0
2025-12-10,P-1302R,2977,P4V,1,1,1,1,1.0
2025-12-10,P-1302R,2977,P4H,1,1,1,1,1.0
2025-09-16,PM-1403A,2970,M1A,1,1,1,1,1.0
2025-09-16,PM-1403A,2970,M1V,1,1,1,1,1.0
2025-09-16,PM-1403A,2970,M1H,1,1,1,1,1.0
2025-09-16,PM-1403A,2970,M2A,1,1,1,1,1.0
2025-09-16,PM-1403A,2970,M2V,1,1,1,1,1.0
2025-09-16,PM-1403A,2970,M2H,1,1,1,1,1.0
2025-09-16,P-1403A,2970,P3V,1,1,3,3,3.0
2025-09-16,P-1403A,2970,P3H,1,1,3,3,3.0
2025-09-16,P-1403A,2970,P4A,1,1,1,1,1.0
2025-09-16,P-1403A,2970,P4V,1,1,1,1,1.0
2025-09-16,P-1403A,2970,P4H,1,1,1,1,1.0
2025-10-27,PM-1409R,2970,M1A,1,1,1,1,1.0
2025-10-27,PM-1409R,2970,M1V,1,1,1,1,1.0
2025-10-27,PM-1409R,2970,M1H,1,1,1,1,1.0
2025-10-27,PM-1409R,2970,M2A,1,1,1,1,1.0
2025-10-27,PM-1409R,2970,M2V,1,1,1,1,1.0
2025-10-27,PM-1409R,2970,M2H,1,1,1,1,1.0
2025-10-27,P-1409R,2970,P3V,3,1,3,3,3.0
2025-10-27,P-1409R,2970,P3H,3,1,3,3,3.0
2025-10-27,P-1409R,2970,P4A,1,1,1,1,1.0
2025-10-27,P-1409R,2970,P4V,1,1,1,1,1.0
2025-10-27,P-1409R,2970,P4H,1,1,1,1,1.0
2025-12-17,PM-1452A,2950,M1A,1,1,1,1,1.0
2025-12-17,PM-1452A,2950,M1V,1,1,1,1,1.0
2025-12-17,PM-1452A,2950,M1H,1,1,1,1,1.0
2025-12-17,PM-1452A,2950,M2A,1,1,3,3,3.0
2025-12-17,PM-1452A,2950,M2V,1,1,3,3,3.0
2025-12-17,PM-1452A,2950,M2H,1,1,3,3,3.0
2025-12-17,P-1452A,2950,P3V,1,1,1,1,1.0
2025-12-17,P-1452A,2950,P3H,1,1,1,1,1.0
2025-12-17,P-1452A,2950,P4A,1,1,1,1,1.0
2025-12-17,P-1452A,2950,P4V,1,1,1,1,1.0
2025-12-17,P-1452A,2950,P4H,1,1,1,1,1.0
2025-08-11,PM-1453R,2950,M1A,1,1,1,1,1.0
2025-08-11,PM-1453R,2950,M1V,1,1,1,1,1.0
2025-08-11,PM-1453R,2950,M1H,1,1,1,1,1.0
2025-08-11,PM-1453R,2950,M2A,1,1,1,1,1.0
2025-08-11,PM-1453R,2950,M2V,1,1,1,1,1.0
2025-08-11,PM-1453R,2950,M2H,1,1,1,1,1.0
2025-08-11,P-1453R,2950,P3V,3,3,1,3,3.0
2025-08-11,P-1453R,2950,P3H,3,3,1,3,3.0
2025-08-11,P-1453R,2950,P4A,3,3,1,3,3.0
2025-08-11,P-1453R,2950,P4V,3,3,1,3,3.0
2025-08-11,P-1453R,2950,P4H,3,3,1,3,3.0
2025-09-04,PM-1455A,2950,M1A,3,1,1,3,3.0
2025-09-04,PM-1455A,2950,M1V,3,1,1,3,3.0
2025-09-04,PM-1455A,2950,M1H,3,1,1,3,3.0
2025-09-04,PM-1455A,2950,M2A,1,1,1,1,1.0
2025-09-04,PM-1455A,2950,M2V,1,1,1,1,1.0
2025-09-04,PM-1455A,2950,M2H,1,1,1,1,1.0
2025-09-04,P-1455A,2950,P3V,1,1,1,1,1.0
2025-09-04,P-1455A,2950,P3H,1,1,1,1,1.0
2025-09-04,P-1455A,2950,P4A,1,1,1,1,1.0
2025-09-04,P-1455A,2950,P4V,1,1,1,1,1.0
2025-09-04,P-1455A,2950,P4H,1,1,1,1,1.0
2025-12-22,PM-1483A,2950,M1A,1,1,3,3,3.0
2025-12-22,PM-1483A,2950,M1V,1,1,3,3,3.0
2025-12-22,PM-1483A,2950,M1H,1,1,3,3,3.0
2025-12-22,PM-1483A,2950,M2A,3,3,1,1,1.0
2025-12-22,PM-1483A,2950,M2V,3,3,1,1,1.0
2025-12-22,PM-1483A,2950,M2H,3,3,1,1,1.0
2025-12-22,P-1483A,2950,P3V,1,1,1,1,1.0
2025-12-22,P-1483A,2950,P3H,1,1,1,1,1.0
2025-12-22,P-1483A,2950,P4A,1,1,1,1,1.0
2025-12-22,P-1483A,2950,P4V,1,1,1,1,1.0
2025-12-22,P-1483A,2950,P4H,1,1,1,1,1.0
2025-07-17,PN-1501A,2950,M1A,1,1,1,1,1.0
2025-07-17,PN-1501A,2950,M1V,1,1,1,1,1.0
2025-07-17,PN-1501A,2950,M1H,1,1,1,1,1.0
2025-07-17,PN-1501A,2950,M2A,1,1,1,1,1.0
2025-07-17,PN-1501A,2950,M2V,1,1,1,1,1.0
2025-07-17,PN-1501A,2950,M2H,1,1,1,1,1.0
2025-07-17,P-1501A,2950,P3V,3,1,3,3,3.0
2025-07-17,P-1501A,2950,P3H,3,1,3,3,3.0
2025-07-17,P-1501A,2950,P4A,1,1,1,1,1.0
2025-07-17,P-1501A,2950,P4V,1,1,1,1,1.0
2025-07-17,P-1501A,2950,P4H,1,1,1,1,1.0
2025-08-29,PM-5001A,2980,M1A,3,3,1,3,3.0
2025-08-29,PM-5001A,2980,M1V,3,3,1,3,3.0
2025-08-29,PM-5001A,2980,M1H,3,3,1,3,3.0
2025-08-29,PM-5001A,2980,M2A,1,1,1,1,1.0
2025-08-29,PM-5001A,2980,M2V,1,1,1,1,1.0
2025-08-29,PM-5001A,2980,M2H,1,1,1,1,1.0
2025-08-29,P-5001A,2980,P3V,3,1,1,3,3.0
2025-08-29,P-5001A,2980,P3H,3,1,1,3,3.0
2025-08-29,P-5001A,2980,P4A,1,1,1,1,1.0
2025-08-29,P-5001A,2980,P4V,1,1,1,1,1.0
2025-08-29,P-5001A,2980,P4H,1,1,1,1,1.0
2025-01-23,310PC111,2950,M1V,1,1,1,1,1.0
2025-01-23,310PC111,2950,M1H,1,1,1,1,1.0
2025-01-23,310PC111,2950,M1P,1,1,1,1,1.0
2025-01-23,310PC111,2950,M2A,1,1,1,1,1.0
2025-01-23,310PC111,2950,M2V,1,1,1,1,1.0
2025-01-23,310PC111,2950,M2H,1,1,1,1,1.0
2025-01-23,310PC111,2950,M2P,1,1,1,1,1.0
2025-01-23,310PC111,2950,P1A,1,1,1,1,1.0
2025-01-23,310PC111,2950,P1V,1,1,1,1,1.0
2025-01-23,310PC111,2950,P1H,1,1,1,1,1.0
2025-01-23,310PC111,2950,P1P,1,1,1,1,1.0
2025-01-23,310PC111,2950,P2A,1,1,1,1,1.0
2025-01-23,310PC111,2950,P2V,1,1,1,1,1.0
2025-01-23,310PC111,2950,P2H,1,1,1,1,1.0
2025-01-23,310PC111,2950,P2P,1,1,1,1,1.0
2025-02-21,310PC111,2950,M1V,1,1,1,1,1.0
2025-02-21,310PC111,2950,M1H,1,1,1,1,1.0
2025-02-21,310PC111,2950,M1P,1,1,1,1,1.0
2025-02-21,310PC111,2950,M2A,1,1,1,1,1.0
2025-02-21,310PC111,2950,M2V,1,1,1,1,1.0
2025-02-21,310PC111,2950,M2H,1,1,1,1,1.0
2025-02-21,310PC111,2950,M2P,1,1,1,1,1.0
2025-02-21,310PC111,2950,P1A,1,1,1,1,1.0
2025-02-21,310PC111,2950,P1V,1,1,1,1,1.0
2025-02-21,310PC111,2950,P1H,1,1,1,1,1.0
2025-02-21,310PC111,2950,P1P,1,1,1,1,1.0
2025-02-21,310PC111,2950,P2A,1,1,1,1,1.0
2025-02-21,310PC111,2950,P2V,1,1,1,1,1.0
2025-02-21,310PC111,2950,P2H,1,1,1,1,1.0
2025-02-21,310PC111,2950,P2P,1,1,1,1,1.0
2025-03-21,310PC111,2950,M1V,1,1,1,1,1.0
2025-03-21,310PC111,2950,M1H,1,1,1,1,1.0
2025-03-21,310PC111,2950,M1P,1,1,1,1,1.0
2025-03-21,310PC111,2950,M2A,1,1,1,1,1.0
2025-03-21,310PC111,2950,M2V,1,1,1,1,1.0
2025-03-21,310PC111,2950,M2H,1,1,1,1,1.0
2025-03-21,310PC111,2950,M2P,1,1,1,1,1.0
2025-03-21,310PC111,2950,P1A,1,1,1,1,1.0
2025-03-21,310PC111,2950,P1V,1,1,1,1,1.0
2025-03-21,310PC111,2950,P1H,1,1,1,1,1.0
2025-03-21,310PC111,2950,P1P,1,1,1,1,1.0
2025-03-21,310PC111,2950,P2A,1,1,1,1,1.0
2025-03-21,310PC111,2950,P2V,1,1,1,1,1.0
2025-03-21,310PC111,2950,P2H,1,1,1,1,1.0
2025-03-21,310PC111,2950,P2P,1,1,1,1,1.0
2025-01-16,P-518A,2900,M1A,1,1,1,1,1.0
2025-01-16,P-518A,2900,M1V,1,1,1,1,1.0
2025-01-16,P-518A,2900,M1H,1,1,1,1,1.0
2025-01-16,P-518A,2900,M2A,1,1,1,1,1.0
2025-01-16,P-518A,2900,M2V,1,1,1,1,1.0
2025-01-16,P-518A,2900,M2H,1,1,1,1,1.0
2025-01-16,P-518A,2900,P3V,1,1,1,1,1.0
2025-01-16,P-518A,2900,P3H,1,1,1,1,1.0
2025-01-16,P-518A,2900,P4A,1,1,1,1,1.0
2025-01-16,P-518A,2900,P4V,1,1,1,1,1.0
2025-01-16,P-518A,2900,P4H,1,1,1,1,1.0
2025-02-10,P-1553S,2965,M1A,1,1,1,1,1.0
2025-02-10,P-1553S,2965,M1V,1,1,1,1,1.0
2025-02-10,P-1553S,2965,M1H,1,1,1,1,1.0
2025-02-10,P-1553S,2965,M2A,1,1,1,1,1.0
2025-02-10,P-1553S,2965,M2V,1,1,1,1,1.0
2025-02-10,P-1553S,2965,M2H,1,1,1,1,1.0
2025-02-10,P-1553S,2965,P3V,1,1,1,1,1.0
2025-02-10,P-1553S,2965,P3H,1,1,1,1,1.0
2025-02-10,P-1553S,2965,P4A,1,1,1,1,1.0
2025-02-10,P-1553S,2965,P4V,1,1,1,1,1.0
2025-02-10,P-1553S,2965,P4H,1,1,1,1,1.0
2025-01-16,955-PC-113,2914,M1A,1,2,2,1,2.0
2025-01-16,955-PC-113,2914,M1V,1,2,2,1,2.0
2025-01-16,955-PC-113,2914,M1H,1,2,2,1,2.0
2025-01-16,955-PC-113,2914,M2A,1,1,1,1,1.0
2025-01-16,955-PC-113,2914,M2V,1,1,1,1,1.0
2025-01-16,955-PC-113,2914,M2H,1,1,1,1,1.0
2025-01-16,955-PC-113,2914,P3V,1,1,1,1,1.0
2025-01-16,955-PC-113,2914,P3H,1,1,1,1,1.0
2025-02-21,955-PC-113,2914,M1A,1,2,2,1,2.0
2025-02-21,955-PC-113,2914,M1V,1,2,2,1,2.0
2025-02-21,955-PC-113,2914,M1H,1,2,2,1,2.0
2025-02-21,955-PC-113,2914,M2A,1,1,1,1,1.0
2025-02-21,955-PC-113,2914,M2V,1,1,1,1,1.0
2025-02-21,955-PC-113,2914,M2H,1,1,1,1,1.0
2025-02-21,955-PC-113,2914,P3V,1,1,1,1,1.0
2025-02-21,955-PC-113,2914,P3H,1,1,1,1,1.0
2025-03-19,955-PC-113,2914,M1A,1,2,2,1,2.0
2025-03-19,955-PC-113,2914,M1V,1,2,2,1,2.0
2025-03-19,955-PC-113,2914,M1H,1,2,2,1,2.0
2025-03-19,955-PC-113,2914,M2A,1,1,1,1,1.0
2025-03-19,955-PC-113,2914,M2V,1,1,1,1,1.0
2025-03-19,955-PC-113,2914,M2H,1,1,1,1,1.0
2025-03-19,955-PC-113,2914,P3V,1,1,1,1,1.0
2025-03-19,955-PC-113,2914,P3H,1,1,1,1,1.0
2025-03-21,955-PC-113,2914,M1A,1,2,2,1,2.0
2025-03-21,955-PC-113,2914,M1V,1,2,2,1,2.0
2025-03-21,955-PC-113,2914,M1H,1,2,2,1,2.0
2025-03-21,955-PC-113,2914,M2A,1,1,1,1,1.0
2025-03-21,955-PC-113,2914,M2V,1,1,1,1,1.0
2025-03-21,955-PC-113,2914,M2H,1,1,1,1,1.0
2025-03-21,955-PC-113,2914,P3V,1,1,1,1,1.0
2025-03-21,955-PC-113,2914,P3H,1,1,1,1,1.0
2025-04-10,955-PC-113,2914,M1A,2,2,2,1,2.0
2025-04-10,955-PC-113,2914,M1V,2,2,2,1,2.0
2025-04-10,955-PC-113,2914,M1H,2,2,2,1,2.0
2025-04-10,955-PC-113,2914,M2A,1,1,1,1,1.0
2025-04-10,955-PC-113,2914,M2V,1,1,1,1,1.0
2025-04-10,955-PC-113,2914,M2H,1,1,1,1,1.0
2025-04-10,955-PC-113,2914,P3V,1,1,1,1,1.0
2025-04-10,955-PC-113,2914,P3H,1,1,1,1,1.0
2025-05-16,955-PC-113,2914,M1A,1,2,2,2,2.0
2025-05-16,955-PC-113,2914,M1V,1,2,2,2,2.0
2025-05-16,955-PC-113,2914,M1H,1,2,2,2,2.0
2025-05-16,955-PC-113,2914,M2A,1,1,1,1,1.0
2025-05-16,955-PC-113,2914,M2V,1,1,1,1,1.0
2025-05-16,955-PC-113,2914,M2H,1,1,1,1,1.0
2025-05-16,955-PC-113,2914,P3V,1,1,1,1,1.0
2025-05-16,955-PC-113,2914,P3H,1,1,1,1,1.0
2025-02-20,G-1122-P-2S,1455,M1A,3,1,1,1,3.0
2025-02-20,G-1122-P-2S,1455,M1V,3,1,1,1,3.0
2025-02-20,G-1122-P-2S,1455,M1H,3,1,1,1,3.0
2025-02-20,G-1122-P-2S,1455,M2A,3,1,1,1,3.0
2025-02-20,G-1122-P-2S,1455,M2V,3,1,1,1,3.0
2025-02-20,G-1122-P-2S,1455,M2H,3,1,1,1,3.0
2025-02-20,G-1122-P-2S,1455,P3V,1,1,1,1,1.0
2025-02-20,G-1122-P-2S,1455,P3H,1,1,1,1,1.0
2025-02-20,G-1122-P-2S,1455,P4A,1,1,1,1,1.0
2025-02-20,G-1122-P-2S,1455,P4V,1,1,1,1,1.0
2025-02-20,G-1122-P-2S,1455,P4H,1,1,1,1,1.0
2024-05-27,P-210S,1470,M1A,1,1,1,1,1.0
2024-05-27,P-210S,1470,M1V,1,1,1,1,1.0
2024-05-27,P-210S,1470,M1H,1,1,1,1,1.0
2024-05-27,P-210S,1470,M2A,1,1,1,1,1.0
2024-05-27,P-210S,1470,M2V,1,1,1,1,1.0
2024-05-27,P-210S,1470,M2H,1,1,1,1,1.0
2024-05-27,P-210S,1470,P3V,1,1,1,1,1.0
2024-05-27,P-210S,1470,P3H,1,1,1,1,1.0
2024-05-27,P-210S,1470,P4A,3,1,3,3,3.0
2024-05-27,P-210S,1470,P4V,3,1,3,3,3.0
2024-05-27,P-210S,1470,P4H,3,1,3,3,3.0
2024-05-28,P-210S,1470,M1A,1,1,1,1,1.0
2024-05-28,P-210S,1470,M1V,1,1,1,1,1.0
2024-05-28,P-210S,1470,M1H,1,1,1,1,1.0
2024-05-28,P-210S,1470,M2A,1,1,1,1,1.0
2024-05-28,P-210S,1470,M2V,1,1,1,1,1.0
2024-05-28,P-210S,1470,M2H,1,1,1,1,1.0
2024-05-28,P-210S,1470,P3V,1,1,1,1,1.0
2024-05-28,P-210S,1470,P3H,1,1,1,1,1.0
2024-05-28,P-210S,1470,P4A,3,1,3,3,3.0
2024-05-28,P-210S,1470,P4V,3,1,3,3,3.0
2024-05-28,P-210S,1470,P4H,3,1,3,3,3.0
2024-06-28,P-210S,1470,M1A,1,1,1,1,1.0
2024-06-28,P-210S,1470,M1V,1,1,1,1,1.0
2024-06-28,P-210S,1470,M1H,1,1,1,1,1.0
2024-06-28,P-210S,1470,M2A,1,1,1,1,1.0
2024-06-28,P-210S,1470,M2V,1,1,1,1,1.0
2024-06-28,P-210S,1470,M2H,1,1,1,1,1.0
2024-06-28,P-210S,1470,P3V,1,1,1,1,1.0
2024-06-28,P-210S,1470,P3H,1,1,1,1,1.0
2024-06-28,P-210S,1470,P4A,1,3,1,1,3.0
2024-06-28,P-210S,1470,P4V,1,3,1,1,3.0
2024-06-28,P-210S,1470,P4H,1,3,1,1,3.0
2024-06-29,P-210S,1470,M1A,1,1,1,1,1.0
2024-06-29,P-210S,1470,M1V,1,1,1,1,1.0
2024-06-29,P-210S,1470,M1H,1,1,1,1,1.0
2024-06-29,P-210S,1470,M2A,1,1,1,1,1.0
2024-06-29,P-210S,1470,M2V,1,1,1,1,1.0
2024-06-29,P-210S,1470,M2H,1,1,1,1,1.0
2024-06-29,P-210S,1470,P3V,1,1,1,1,1.0
2024-06-29,P-210S,1470,P3H,1,1,1,1,1.0
2024-06-29,P-210S,1470,P4A,1,3,1,1,3.0
2024-06-29,P-210S,1470,P4V,1,3,1,1,3.0
2024-06-29,P-210S,1470,P4H,1,3,1,1,3.0
2024-06-30,P-210S,1470,M1A,1,1,1,1,1.0
2024-06-30,P-210S,1470,M1V,1,1,1,1,1.0
2024-06-30,P-210S,1470,M1H,1,1,1,1,1.0
2024-06-30,P-210S,1470,M2A,1,1,1,1,1.0
2024-06-30,P-210S,1470,M2V,1,1,1,1,1.0
2024-06-30,P-210S,1470,M2H,1,1,1,1,1.0
2024-06-30,P-210S,1470,P3V,1,1,1,1,1.0
2024-06-30,P-210S,1470,P3H,1,1,1,1,1.0
2024-06-30,P-210S,1470,P4A,1,3,1,1,3.0
2024-06-30,P-210S,1470,P4V,1,3,1,1,3.0
2024-06-30,P-210S,1470,P4H,1,3,1,1,3.0
2024-06-30,P-210S,1470,M1A,1,1,1,1,1.0
2024-06-30,P-210S,1470,M1V,1,1,1,1,1.0
2024-06-30,P-210S,1470,M1H,1,1,1,1,1.0
2024-06-30,P-210S,1470,M2A,1,1,1,1,1.0
2024-06-30,P-210S,1470,M2V,1,1,1,1,1.0
2024-06-30,P-210S,1470,M2H,1,1,1,1,1.0
2024-06-30,P-210S,1470,P3V,1,1,1,1,1.0
2024-06-30,P-210S,1470,P3H,1,1,1,1,1.0
2024-06-30,P-210S,1470,P4A,1,3,1,1,3.0
2024-06-30,P-210S,1470,P4V,1,3,1,1,3.0
2024-06-30,P-210S,1470,P4H,1,3,1,1,3.0
2024-07-01,P-210S,1470,M1A,1,1,1,1,1.0
2024-07-01,P-210S,1470,M1V,1,1,1,1,1.0
2024-07-01,P-210S,1470,M1H,1,1,1,1,1.0
2024-07-01,P-210S,1470,M2A,1,1,1,1,1.0
2024-07-01,P-210S,1470,M2V,1,1,1,1,1.0
2024-07-01,P-210S,1470,M2H,1,1,1,1,1.0
2024-07-01,P-210S,1470,P3V,1,1,1,1,1.0
2024-07-01,P-210S,1470,P3H,1,1,1,1,1.0
2024-07-01,P-210S,1470,P4A,1,3,1,1,3.0
2024-07-01,P-210S,1470,P4V,1,3,1,1,3.0
2024-07-01,P-210S,1470,P4H,1,3,1,1,3.0
2024-07-02,P-210S,1470,M1A,1,1,1,1,1.0
2024-07-02,P-210S,1470,M1V,1,1,1,1,1.0
2024-07-02,P-210S,1470,M1H,1,1,1,1,1.0
2024-07-02,P-210S,1470,M2A,1,1,1,1,1.0
2024-07-02,P-210S,1470,M2V,1,1,1,1,1.0
2024-07-02,P-210S,1470,M2H,1,1,1,1,1.0
2024-07-02,P-210S,1470,P3V,1,1,1,1,1.0
2024-07-02,P-210S,1470,P3H,1,1,1,1,1.0
2024-07-02,P-210S,1470,P4A,1,3,1,1,3.0
2024-07-02,P-210S,1470,P4V,1,3,1,1,3.0
2024-07-02,P-210S,1470,P4H,1,3,1,1,3.0
2025-03-05,P-345A,2930,M1A,1,1,1,1,1.0
2025-03-05,P-345A,2930,M1V,1,1,1,1,1.0
2025-03-05,P-345A,2930,M1H,1,1,1,1,1.0
2025-03-05,P-345A,2930,M2A,1,1,1,1,1.0
2025-03-05,P-345A,2930,M2V,1,1,1,1,1.0
2025-03-05,P-345A,2930,M2H,1,1,1,1,1.0
2025-03-05,P-345A,2930,P3V,3,1,3,3,3.0
2025-03-05,P-345A,2930,P3H,3,1,3,3,3.0
2025-03-05,P-345A,2930,P4A,3,1,3,3,3.0
2025-03-05,P-345A,2930,P4V,3,1,3,3,3.0
2025-03-05,P-345A,2930,P4H,3,1,3,3,3.0
2025-07-30,P-345A,2930,M1A,1,1,1,1,1.0
2025-07-30,P-345A,2930,M1V,1,1,1,1,1.0
2025-07-30,P-345A,2930,M1H,1,1,1,1,1.0
2025-07-30,P-345A,2930,M2A,1,1,1,1,1.0
2025-07-30,P-345A,2930,M2V,1,1,1,1,1.0
2025-07-30,P-345A,2930,M2H,1,1,1,1,1.0
2025-07-30,P-345A,2930,P3V,3,1,3,3,3.0
2025-07-30,P-345A,2930,P3H,3,1,3,3,3.0
2025-07-30,P-345A,2930,P4A,3,1,3,3,3.0
2025-07-30,P-345A,2930,P4V,3,1,3,3,3.0
2025-07-30,P-345A,2930,P4H,3,1,3,3,3.0
2025-09-23,P-345A,2930,M1A,1,1,1,1,1.0
2025-09-23,P-345A,2930,M1V,1,1,1,1,1.0
2025-09-23,P-345A,2930,M1H,1,1,1,1,1.0
2025-09-23,P-345A,2930,M2A,1,1,1,1,1.0
2025-09-23,P-345A,2930,M2V,1,1,1,1,1.0
2025-09-23,P-345A,2930,M2H,1,1,1,1,1.0
2025-09-23,P-345A,2930,P3V,3,1,3,3,3.0
2025-09-23,P-345A,2930,P3H,3,1,3,3,3.0
2025-09-23,P-345A,2930,P4A,3,1,3,3,3.0
2025-09-23,P-345A,2930,P4V,3,1,3,3,3.0
2025-09-23,P-345A,2930,P4H,3,1,3,3,3.0
2024-08-06,P-475,2950,M1A,3,1,3,3,3.0
2024-08-06,P-475,2950,M1V,3,1,3,3,3.0
2024-08-06,P-475,2950,M1H,3,1,3,3,3.0
2024-08-06,P-475,2950,M2A,3,1,3,3,3.0
2024-08-06,P-475,2950,M2V,3,1,3,3,3.0
2024-08-06,P-475,2950,M2H,3,1,3,3,3.0
2024-08-06,P-475,2950,P3V,1,1,1,1,1.0
2024-08-06,P-475,2950,P3H,1,1,1,1,1.0
2024-08-06,P-475,2950,P4A,1,1,1,1,1.0
2024-08-06,P-475,2950,P4V,1,1,1,1,1.0
2024-08-06,P-475,2950,P4H,1,1,1,1,1.0
2025-01-13,P-518A,2900,M1A,3,1,3,1,3.0
2025-01-13,P-518A,2900,M1V,3,1,3,1,3.0
2025-01-13,P-518A,2900,M1H,3,1,3,1,3.0
2025-01-13,P-518A,2900,M2A,3,1,3,1,3.0
2025-01-13,P-518A,2900,M2V,3,1,3,1,3.0
2025-01-13,P-518A,2900,M2H,3,1,3,1,3.0
2025-01-13,P-518A,2900,P3V,1,1,1,1,1.0
2025-01-13,P-518A,2900,P3H,1,1,1,1,1.0
2025-01-13,P-518A,2900,P4A,1,1,1,1,1.0
2025-01-13,P-518A,2900,P4V,1,1,1,1,1.0
2025-01-13,P-518A,2900,P4H,1,1,1,1,1.0
2025-01-27,P-1553S,2965,M1A,1,1,1,1,1.0
2025-01-27,P-1553S,2965,M1V,1,1,1,1,1.0
2025-01-27,P-1553S,2965,M1H,1,1,1,1,1.0
2025-01-27,P-1553S,2965,M2A,3,1,3,3,3.0
2025-01-27,P-1553S,2965,M2V,3,1,3,3,3.0
2025-01-27,P-1553S,2965,M2H,3,1,3,3,3.0
2025-01-27,P-1553S,2965,P3V,1,1,1,1,1.0
2025-01-27,P-1553S,2965,P3H,1,1,1,1,1.0
2025-01-27,P-1553S,2965,P4A,1,1,1,1,1.0
2025-01-27,P-1553S,2965,P4V,1,1,1,1,1.0
2025-01-27,P-1553S,2965,P4H,1,1,1,1,1.0
2025-01-08,G-511A,2990,M1H,3,1,2,2,3.0
2025-01-08,G-511A,2990,M1V,3,1,2,2,3.0
2025-01-08,G-511A,2990,M1A,0,0,0,0,0.0
2025-01-08,G-511A,2990,M2H,3,1,2,2,3.0
2025-01-08,G-511A,2990,M2V,3,1,2,2,3.0
2025-01-08,G-511A,2990,M2A,3,1,2,2,3.0
2025-01-08,G-511A,2990,P1H,1,1,1,1,1.0
2025-01-08,G-511A,2990,P1V,1,1,1,1,1.0
2025-01-08,G-511A,2990,P1A,1,1,1,1,1.0
2025-01-08,G-511A,2990,P2H,1,1,1,1,1.0
2025-01-08,G-511A,2990,P2V,1,1,1,1,1.0
2025-01-08,G-511A,2990,P2A,1,1,1,1,1.0
2025-01-17,G-511A,2990,M1H,3,1,2,2,3.0
2025-01-17,G-511A,2990,M1V,3,1,2,2,3.0
2025-01-17,G-511A,2990,M1A,0,0,0,0,0.0
2025-01-17,G-511A,2990,M2H,3,1,2,2,3.0
2025-01-17,G-511A,2990,M2V,3,1,2,2,3.0
2025-01-17,G-511A,2990,M2A,3,1,2,2,3.0
2025-01-17,G-511A,2990,P1H,0,0,0,0,0.0
2025-01-17,G-511A,2990,P1V,0,0,0,0,0.0
2025-01-17,G-511A,2990,P1A,0,0,0,0,0.0
2025-01-17,G-511A,2990,P2H,0,0,0,0,0.0
2025-01-17,G-511A,2990,P2V,0,0,0,0,0.0
2025-01-17,G-511A,2990,P2A,0,0,0,0,0.0
2024-11-08,G-552,1490,M1H,3,1,1,2,3.0
2024-11-08,G-552,1490,M1V,3,1,1,2,3.0
2024-11-08,G-552,1490,M1A,0,0,0,0,0.0
2024-11-08,G-552,1490,M2H,3,1,1,2,3.0
2024-11-08,G-552,1490,M2V,3,1,1,2,3.0
2024-11-08,G-552,1490,M2A,3,1,1,2,3.0
2024-11-08,G-552,1490,P1H,1,1,1,1,1.0
2024-11-08,G-552,1490,P1V,1,1,1,1,1.0
2024-11-08,G-552,1490,P1A,1,1,1,1,1.0
2024-11-08,G-552,1490,P2H,1,1,1,1,1.0
2024-11-08,G-552,1490,P2V,1,1,1,1,1.0
2024-11-08,G-552,1490,P2A,1,1,1,1,1.0
2025-12-04,G-610B,2960,M1H,2,1,1,2,2.0
2025-12-04,G-610B,2960,M1V,2,1,1,2,2.0
2025-12-04,G-610B,2960,M1A,0,0,0,0,0.0
2025-12-04,G-610B,2960,M2H,2,1,2,2,2.0
2025-12-04,G-610B,2960,M2V,2,1,2,2,2.0
2025-12-04,G-610B,2960,M2A,2,1,2,3,3.0
2025-12-04,G-610B,2960,P1H,1,1,1,1,1.0
2025-12-04,G-610B,2960,P1V,1,1,1,1,1.0
2025-12-04,G-610B,2960,P1A,1,1,1,1,1.0
2025-12-04,G-610B,2960,P2H,1,1,1,1,1.0
2025-12-04,G-610B,2960,P2V,1,1,1,1,1.0
2025-12-04,G-610B,2960,P2A,1,1,1,1,1.0
2024-07-12,G-1202A,2950,M1H,2,1,1,2,2.0
2024-07-12,G-1202A,2950,M1V,2,1,1,2,2.0
2024-07-12,G-1202A,2950,M1A,0,0,0,0,0.0
2024-07-12,G-1202A,2950,M2H,3,2,1,2,3.0
2024-07-12,G-1202A,2950,M2V,2,2,1,2,2.0
2024-07-12,G-1202A,2950,M2A,3,1,1,2,3.0
2024-07-12,G-1202A,2950,P1H,1,1,1,1,1.0
2024-07-12,G-1202A,2950,P1V,1,1,1,1,1.0
2024-07-12,G-1202A,2950,P1A,1,1,1,1,1.0
2024-07-12,G-1202A,2950,P2H,1,1,1,1,1.0
2024-07-12,G-1202A,2950,P2V,1,1,1,1,1.0
2024-07-12,G-1202A,2950,P2A,1,1,1,1,1.0
2025-09-26,G-1202A,2950,M1H,2,1,1,2,2.0
2025-09-26,G-1202A,2950,M1V,2,1,1,2,2.0
2025-09-26,G-1202A,2950,M1A,0,0,0,0,0.0
2025-09-26,G-1202A,2950,M2H,3,2,1,2,3.0
2025-09-26,G-1202A,2950,M2V,2,2,1,2,2.0
2025-09-26,G-1202A,2950,M2A,3,1,1,2,3.0
2025-09-26,G-1202A,2950,P1H,1,1,1,1,1.0
2025-09-26,G-1202A,2950,P1V,1,1,1,1,1.0
2025-09-26,G-1202A,2950,P1A,1,1,1,1,1.0
2025-09-26,G-1202A,2950,P2H,1,1,1,1,1.0
2025-09-26,G-1202A,2950,P2V,1,1,1,1,1.0
2025-09-26,G-1202A,2950,P2A,1,1,1,1,1.0
2025-01-27,P-1100B,2975,M1H,1,1,1,2,2.0
2025-01-27,P-1100B,2975,M1V,1,1,1,2,2.0
2025-01-27,P-1100B,2975,M1A,0,0,0,0,0.0
2025-01-27,P-1100B,2975,M2H,1,1,1,3,3.0
2025-01-27,P-1100B,2975,M2V,1,1,1,2,2.0
2025-01-27,P-1100B,2975,M2A,1,1,1,1,1.0
2025-01-27,P-1100B,2975,P1H,1,1,1,1,1.0
2025-01-27,P-1100B,2975,P1V,1,1,1,1,1.0
2025-01-27,P-1100B,2975,P1A,1,1,1,1,1.0
2025-01-27,P-1100B,2975,P2H,1,1,1,1,1.0
2025-01-27,P-1100B,2975,P2V,1,1,1,1,1.0
2025-01-27,P-1100B,2975,P2A,1,1,1,1,1.0
2025-02-06,P-1100B,2975,M1H,1,1,1,2,2.0
2025-02-06,P-1100B,2975,M1V,1,1,1,2,2.0
2025-02-06,P-1100B,2975,M1A,0,0,0,0,0.0
2025-02-06,P-1100B,2975,M2H,1,1,1,3,3.0
2025-02-06,P-1100B,2975,M2V,1,1,1,2,2.0
2025-02-06,P-1100B,2975,M2A,1,1,1,1,1.0
2025-02-06,P-1100B,2975,P1H,1,1,1,1,1.0
2025-02-06,P-1100B,2975,P1V,1,1,1,1,1.0
2025-02-06,P-1100B,2975,P1A,1,1,1,1,1.0
2025-02-06,P-1100B,2975,P2H,1,1,1,1,1.0
2025-02-06,P-1100B,2975,P2V,1,1,1,1,1.0
2025-02-06,P-1100B,2975,P2A,1,1,1,1,1.0
2025-04-25,P-1100B,2975,M1H,1,1,1,2,2.0
2025-04-25,P-1100B,2975,M1V,1,1,1,2,2.0
2025-04-25,P-1100B,2975,M1A,0,0,0,0,0.0
2025-04-25,P-1100B,2975,M2H,1,1,1,3,3.0
2025-04-25,P-1100B,2975,M2V,1,1,1,2,2.0
2025-04-25,P-1100B,2975,M2A,1,1,1,1,1.0
2025-04-25,P-1100B,2975,P1H,1,1,1,1,1.0
2025-04-25,P-1100B,2975,P1V,1,1,1,1,1.0
2025-04-25,P-1100B,2975,P1A,1,1,1,1,1.0
2025-04-25,P-1100B,2975,P2H,1,1,1,1,1.0
2025-04-25,P-1100B,2975,P2V,1,1,1,1,1.0
2025-04-25,P-1100B,2975,P2A,1,1,1,1,1.0
2025-10-30,P-3301C,990,M1H,1,2,1,1,2.0
2025-10-30,P-3301C,990,M1V,1,1,1,1,1.0
2025-10-30,P-3301C,990,M1A,0,0,0,0,0.0
2025-10-30,P-3301C,990,M2H,1,2,1,1,2.0
2025-10-30,P-3301C,990,M2V,1,2,1,1,2.0
2025-10-30,P-3301C,990,M2A,1,1,1,1,1.0
2025-10-30,P-3301C,990,P1H,1,1,1,3,3.0
2025-10-30,P-3301C,990,P1V,1,1,2,4,4.0
2025-10-30,P-3301C,990,P1A,1,1,2,2,2.0
2025-10-30,P-3301C,990,P2H,1,1,1,4,4.0
2025-10-30,P-3301C,990,P2V,1,1,1,4,4.0
2025-10-30,P-3301C,990,P2A,1,1,1,4,4.0
2024-06-07,G-1500D,995,M1H,1,1,1,1,1.0
2024-06-07,G-1500D,995,M1V,1,1,1,1,1.0
2024-06-07,G-1500D,995,M1A,0,0,0,0,0.0
2024-06-07,G-1500D,995,M2H,1,1,1,1,1.0
2024-06-07,G-1500D,995,M2V,1,1,1,1,1.0
2024-06-07,G-1500D,995,M2A,1,1,1,1,1.0
2024-06-07,G-1500D,995,P1H,2,2,1,2,2.0
2024-06-07,G-1500D,995,P1V,2,3,1,2,3.0
2024-06-07,G-1500D,995,P1A,0,0,0,0,0.0
2024-06-07,G-1500D,995,P2H,2,2,1,2,2.0
2024-06-07,G-1500D,995,P2V,2,2,1,2,2.0
2024-06-07,G-1500D,995,P2A,2,2,1,1,2.0
2024-06-10,G-1500D,995,M1H,1,1,1,1,1.0
2024-06-10,G-1500D,995,M1V,1,1,1,1,1.0
2024-06-10,G-1500D,995,M1A,0,0,0,0,0.0
2024-06-10,G-1500D,995,M2H,1,1,1,1,1.0
2024-06-10,G-1500D,995,M2V,1,1,1,1,1.0
2024-06-10,G-1500D,995,M2A,1,1,1,1,1.0
2024-06-10,G-1500D,995,P1H,2,2,1,2,2.0
2024-06-10,G-1500D,995,P1V,2,3,1,2,3.0
2024-06-10,G-1500D,995,P1A,0,0,0,0,0.0
2024-06-10,G-1500D,995,P2H,2,2,1,2,2.0
2024-06-10,G-1500D,995,P2V,2,2,1,2,2.0
2024-06-10,G-1500D,995,P2A,2,2,1,1,2.0
2024-08-30,G-1500D,995,M1H,1,1,1,1,1.0
2024-08-30,G-1500D,995,M1V,1,1,1,1,1.0
2024-08-30,G-1500D,995,M1A,0,0,0,0,0.0
2024-08-30,G-1500D,995,M2H,1,1,1,1,1.0
2024-08-30,G-1500D,995,M2V,1,1,1,1,1.0
2024-08-30,G-1500D,995,M2A,1,1,1,1,1.0
2024-08-30,G-1500D,995,P1H,2,2,1,2,2.0
2024-08-30,G-1500D,995,P1V,2,3,1,2,3.0
2024-08-30,G-1500D,995,P1A,0,0,0,0,0.0
2024-08-30,G-1500D,995,P2H,2,2,1,2,2.0
2024-08-30,G-1500D,995,P2V,2,2,1,2,2.0
2024-08-30,G-1500D,995,P2A,2,2,1,1,2.0
2024-09-06,G-1500D,995,M1H,1,1,1,1,1.0
2024-09-06,G-1500D,995,M1V,1,1,1,1,1.0
2024-09-06,G-1500D,995,M1A,0,0,0,0,0.0
2024-09-06,G-1500D,995,M2H,1,1,1,1,1.0
2024-09-06,G-1500D,995,M2V,1,1,1,1,1.0
2024-09-06,G-1500D,995,M2A,1,1,1,1,1.0
2024-09-06,G-1500D,995,P1H,3,3,1,2,3.0
2024-09-06,G-1500D,995,P1V,3,3,1,2,3.0
2024-09-06,G-1500D,995,P1A,0,0,0,0,0.0
2024-09-06,G-1500D,995,P2H,3,3,1,2,3.0
2024-09-06,G-1500D,995,P2V,2,2,1,2,2.0
2024-09-06,G-1500D,995,P2A,2,2,1,1,2.0
2024-12-17,G-1500D,995,M1H,1,1,1,1,1.0
2024-12-17,G-1500D,995,M1V,1,1,1,1,1.0
2024-12-17,G-1500D,995,M1A,0,0,0,0,0.0
2024-12-17,G-1500D,995,M2H,1,1,1,1,1.0
2024-12-17,G-1500D,995,M2V,1,1,1,1,1.0
2024-12-17,G-1500D,995,M2A,1,1,1,1,1.0
2024-12-17,G-1500D,995,P1H,3,3,1,2,3.0
2024-12-17,G-1500D,995,P1V,3,3,1,2,3.0
2024-12-17,G-1500D,995,P1A,0,0,0,0,0.0
2024-12-17,G-1500D,995,P2H,3,3,1,2,3.0
2024-12-17,G-1500D,995,P2V,2,2,1,2,2.0
2024-12-17,G-1500D,995,P2A,2,2,1,1,2.0
2025-01-17,G-1500D,995,M1H,1,1,1,1,1.0
2025-01-17,G-1500D,995,M1V,1,1,1,1,1.0
2025-01-17,G-1500D,995,M1A,0,0,0,0,0.0
2025-01-17,G-1500D,995,M2H,1,1,1,1,1.0
2025-01-17,G-1500D,995,M2V,1,1,1,1,1.0
2025-01-17,G-1500D,995,M2A,1,1,1,1,1.0
2025-01-17,G-1500D,995,P1H,3,3,1,2,3.0
2025-01-17,G-1500D,995,P1V,3,3,1,2,3.0
2025-01-17,G-1500D,995,P1A,2,2,1,1,2.0
2025-01-17,G-1500D,995,P2H,3,3,1,2,3.0
2025-01-17,G-1500D,995,P2V,2,2,1,2,2.0
2025-01-17,G-1500D,995,P2A,2,2,1,1,2.0
2025-02-07,G-1500D,995,M1H,1,1,1,1,1.0
2025-02-07,G-1500D,995,M1V,1,1,1,1,1.0
2025-02-07,G-1500D,995,M1A,0,0,0,0,0.0
2025-02-07,G-1500D,995,M2H,1,1,1,1,1.0
2025-02-07,G-1500D,995,M2V,1,1,1,1,1.0
2025-02-07,G-1500D,995,M2A,1,1,1,1,1.0
2025-02-07,G-1500D,995,P1H,3,3,1,2,3.0
2025-02-07,G-1500D,995,P1V,3,3,1,2,3.0
2025-02-07,G-1500D,995,P1A,0,0,0,0,0.0
2025-02-07,G-1500D,995,P2H,3,3,1,2,3.0
2025-02-07,G-1500D,995,P2V,2,2,1,2,2.0
2025-02-07,G-1500D,995,P2A,2,2,1,1,2.0
2025-12-19,G-1500D,995,M1H,1,1,1,1,1.0
2025-12-19,G-1500D,995,M1V,1,1,1,1,1.0
2025-12-19,G-1500D,995,M1A,0,0,0,0,0.0
2025-12-19,G-1500D,995,M2H,1,1,1,1,1.0
2025-12-19,G-1500D,995,M2V,1,1,1,1,1.0
2025-12-19,G-1500D,995,M2A,1,1,1,1,1.0
2025-12-19,G-1500D,995,P1H,3,3,1,2,3.0
2025-12-19,G-1500D,995,P1V,3,3,1,2,3.0
2025-12-19,G-1500D,995,P1A,0,0,0,0,0.0
2025-12-19,G-1500D,995,P2H,3,3,1,2,3.0
2025-12-19,G-1500D,995,P2V,2,2,1,2,2.0
2025-12-19,G-1500D,995,P2A,2,2,1,1,2.0
2022-12-15,P-1054B,2975,M1H,0,0,0,0,0.0
2022-12-15,P-1054B,2975,M1V,0,0,0,0,0.0
2022-12-15,P-1054B,2975,M1A,0,0,0,0,0.0
2022-12-15,P-1054B,2975,M2H,0,0,0,0,0.0
2022-12-15,P-1054B,2975,M2V,0,0,0,0,0.0
2022-12-15,P-1054B,2975,M2A,0,0,0,0,0.0
2022-12-15,P-1054B,2975,P1H,0,1,0,0,1.0
2022-12-15,P-1054B,2975,P1V,0,1,0,0,1.0
2022-12-15,P-1054B,2975,P1A,0,1,0,0,1.0
2022-12-15,P-1054B,2975,P2H,0,2,0,0,2.0
2022-12-15,P-1054B,2975,P2V,0,3,0,0,3.0
2022-12-15,P-1054B,2975,P2A,0,2,0,0,2.0
2023-07-25,I-P1107B,595,M1H,0,0,0,0,0.0
2023-07-25,I-P1107B,595,M1V,0,0,0,0,0.0
2023-07-25,I-P1107B,595,M1A,0,0,0,0,0.0
2023-07-25,I-P1107B,595,M2H,0,0,0,0,0.0
2023-07-25,I-P1107B,595,M2V,1,0,0,0,1.0
2023-07-25,I-P1107B,595,M2A,1,0,0,0,1.0
2023-07-25,I-P1107B,595,P1H,2,0,0,1,2.0
2023-07-25,I-P1107B,595,P1V,2,0,0,1,2.0
2023-07-25,I-P1107B,595,P1A,1,0,0,1,1.0
2023-07-25,I-P1107B,595,P2H,3,0,0,2,3.0
2023-07-25,I-P1107B,595,P2V,3,0,0,2,3.0
2023-07-25,I-P1107B,595,P2A,3,0,0,2,3.0
2023-07-27,I-P1107B,595,M1H,0,0,0,0,0.0
2023-07-27,I-P1107B,595,M1V,0,0,0,0,0.0
2023-07-27,I-P1107B,595,M1A,0,0,0,0,0.0
2023-07-27,I-P1107B,595,M2H,0,0,0,0,0.0
2023-07-27,I-P1107B,595,M2V,1,0,0,0,1.0
2023-07-27,I-P1107B,595,M2A,1,0,0,0,1.0
2023-07-27,I-P1107B,595,P1H,2,0,0,1,2.0
2023-07-27,I-P1107B,595,P1V,2,0,0,1,2.0
2023-07-27,I-P1107B,595,P1A,1,0,0,1,1.0
2023-07-27,I-P1107B,595,P2H,3,0,0,2,3.0
2023-07-27,I-P1107B,595,P2V,3,0,0,2,3.0
2023-07-27,I-P1107B,595,P2A,3,0,0,2,3.0
2023-10-30,I-P1107B,595,M1H,0,0,0,0,0.0
2023-10-30,I-P1107B,595,M1V,0,0,0,0,0.0
2023-10-30,I-P1107B,595,M1A,0,0,0,0,0.0
2023-10-30,I-P1107B,595,M2H,0,0,0,0,0.0
2023-10-30,I-P1107B,595,M2V,1,0,0,0,1.0
2023-10-30,I-P1107B,595,M2A,1,0,0,0,1.0
2023-10-30,I-P1107B,595,P1H,2,0,0,1,2.0
2023-10-30,I-P1107B,595,P1V,2,0,0,1,2.0
2023-10-30,I-P1107B,595,P1A,1,0,0,1,1.0
2023-10-30,I-P1107B,595,P2H,2,0,0,2,2.0
2023-10-30,I-P1107B,595,P2V,3,0,0,2,3.0
2023-10-30,I-P1107B,595,P2A,3,0,0,2,3.0
2023-11-10,I-P1107B,595,M1H,0,0,0,0,0.0
2023-11-10,I-P1107B,595,M1V,0,0,0,0,0.0
2023-11-10,I-P1107B,595,M1A,0,0,0,0,0.0
2023-11-10,I-P1107B,595,M2H,0,0,0,0,0.0
2023-11-10,I-P1107B,595,M2V,0,0,0,0,1.0
2023-11-10,I-P1107B,595,M2A,0,0,0,0,1.0
2023-11-10,I-P1107B,595,P1H,3,0,0,1,3.0
2023-11-10,I-P1107B,595,P1V,2,0,0,1,2.0
2023-11-10,I-P1107B,595,P1A,2,0,0,1,2.0
2023-11-10,I-P1107B,595,P2H,2,0,0,2,2.0
2023-11-10,I-P1107B,595,P2V,3,0,0,2,3.0
2023-11-10,I-P1107B,595,P2A,3,0,0,2,3.0
2023-12-08,I-P1107B,595,M1H,0,0,0,0,0.0
2023-12-08,I-P1107B,595,M1V,0,0,0,0,0.0
2023-12-08,I-P1107B,595,M1A,0,0,0,0,0.0
2023-12-08,I-P1107B,595,M2H,0,0,0,0,0.0
2023-12-08,I-P1107B,595,M2V,0,0,0,0,1.0
2023-12-08,I-P1107B,595,M2A,0,0,0,0,1.0
2023-12-08,I-P1107B,595,P1H,3,0,0,1,3.0
2023-12-08,I-P1107B,595,P1V,2,0,0,1,2.0
2023-12-08,I-P1107B,595,P1A,2,0,0,1,2.0
2023-12-08,I-P1107B,595,P2H,3,0,0,2,3.0
2023-12-08,I-P1107B,595,P2V,3,0,0,2,3.0
2023-12-08,I-P1107B,595,P2A,3,0,0,2,3.0
2024-03-13,I-P1107B,595,M1H,0,0,0,0,0.0
2024-03-13,I-P1107B,595,M1V,0,0,0,0,0.0
2024-03-13,I-P1107B,595,M1A,0,0,0,0,0.0
2024-03-13,I-P1107B,595,M2H,0,0,0,0,0.0
2024-03-13,I-P1107B,595,M2V,0,0,0,0,0.0
2024-03-13,I-P1107B,595,M2A,0,0,0,0,0.0
2024-03-13,I-P1107B,595,P1H,3,0,1,0,3.0
2024-03-13,I-P1107B,595,P1V,2,0,1,0,2.0
2024-03-13,I-P1107B,595,P1A,2,0,1,0,2.0
2024-03-13,I-P1107B,595,P2H,3,0,0,0,3.0
2024-03-13,I-P1107B,595,P2V,3,0,0,0,3.0
2024-03-13,I-P1107B,595,P2A,3,0,0,0,3.0
2024-03-28,I-P1107B,595,M1H,0,0,0,0,0.0
2024-03-28,I-P1107B,595,M1V,0,0,0,0,0.0
2024-03-28,I-P1107B,595,M1A,0,0,0,0,0.0
2024-03-28,I-P1107B,595,M2H,0,0,0,0,0.0
2024-03-28,I-P1107B,595,M2V,0,0,0,0,0.0
2024-03-28,I-P1107B,595,M2A,0,0,0,0,0.0
2024-03-28,I-P1107B,595,P1H,3,0,1,0,3.0
2024-03-28,I-P1107B,595,P1V,2,0,1,0,2.0
2024-03-28,I-P1107B,595,P1A,2,0,1,0,2.0
2024-03-28,I-P1107B,595,P2H,3,0,0,0,3.0
2024-03-28,I-P1107B,595,P2V,3,0,0,0,3.0
2024-03-28,I-P1107B,595,P2A,3,0,0,0,3.0
2024-04-11,I-P1107B,595,M1H,0,0,0,0,0.0
2024-04-11,I-P1107B,595,M1V,0,0,0,0,0.0
2024-04-11,I-P1107B,595,M1A,0,0,0,0,0.0
2024-04-11,I-P1107B,595,M2H,0,0,0,0,0.0
2024-04-11,I-P1107B,595,M2V,0,0,0,0,0.0
2024-04-11,I-P1107B,595,M2A,0,0,0,0,0.0
2024-04-11,I-P1107B,595,P1H,3,0,1,0,3.0
2024-04-11,I-P1107B,595,P1V,2,0,1,0,2.0
2024-04-11,I-P1107B,595,P1A,2,0,1,0,1.0
2024-04-11,I-P1107B,595,P2H,3,0,0,0,3.0
2024-04-11,I-P1107B,595,P2V,3,0,0,0,3.0
2024-04-11,I-P1107B,595,P2A,3,0,0,0,3.0
2025-03-17,I-P3261B,2965,M1H,1,2,0,0,2.0
2025-03-17,I-P3261B,2965,M1V,1,3,0,0,3.0
2025-03-17,I-P3261B,2965,M1A,1,3,0,0,3.0
2025-03-17,I-P3261B,2965,M2H,1,3,0,0,3.0
2025-03-17,I-P3261B,2965,M2V,1,2,0,0,2.0
2025-03-17,I-P3261B,2965,M2A,1,2,0,0,2.0
2025-03-17,I-P3261B,2965,P1H,0,2,0,0,2.0
2025-03-17,I-P3261B,2965,P1V,0,2,0,0,2.0
2025-03-17,I-P3261B,2965,P1A,0,1,0,0,1.0
2025-03-17,I-P3261B,2965,P2H,0,2,0,0,2.0
2025-03-17,I-P3261B,2965,P2V,0,2,0,0,2.0
2025-03-17,I-P3261B,2965,P2A,0,1,0,0,1.0
2023-01-12,P-3722A,1487,M1H,0,0,0,0,0.0
2023-01-12,P-3722A,1487,M1V,0,0,0,0,0.0
2023-01-12,P-3722A,1487,M1A,0,0,0,0,0.0
2023-01-12,P-3722A,1487,M2H,2,0,0,0,2.0
2023-01-12,P-3722A,1487,M2V,3,0,0,0,3.0
2023-01-12,P-3722A,1487,M2A,3,0,0,0,3.0
2023-01-12,P-3722A,1487,P3H,0,0,0,0,0.0
2023-01-12,P-3722A,1487,P3V,0,0,0,0,0.0
2023-01-12,P-3722A,1487,P3A,0,0,0,0,0.0
2023-01-12,P-3722A,1487,P4H,0,0,0,0,0.0
2023-01-12,P-3722A,1487,P4V,0,0,0,0,0.0
2023-01-12,P-3722A,1487,P4A,0,0,0,0,0.0
2025-05-08,I-P5236A,2975,M1H,2,2,0,0,2.0
2025-05-08,I-P5236A,2975,M1V,3,2,0,0,3.0
2025-05-08,I-P5236A,2975,M1A,3,2,0,0,3.0
2025-05-08,I-P5236A,2975,M2H,3,2,0,0,3.0
2025-05-08,I-P5236A,2975,M2V,2,2,0,0,2.0
2025-05-08,I-P5236A,2975,M2A,2,2,0,0,2.0
2025-05-08,I-P5236A,2975,P1H,1,1,0,0,1.0
2025-05-08,I-P5236A,2975,P1V,1,1,0,0,1.0
2025-05-08,I-P5236A,2975,P1A,1,1,0,0,1.0
2025-05-08,I-P5236A,2975,P2H,1,1,0,0,1.0
2025-05-08,I-P5236A,2975,P2V,1,1,0,0,1.0
2025-05-08,I-P5236A,2975,P2A,1,1,0,0,1.0
2023-07-04,I-P5461A,2950,M1H,0,0,0,0,0.0
2023-07-04,I-P5461A,2950,M1V,0,0,0,0,0.0
2023-07-04,I-P5461A,2950,M1A,0,0,0,0,0.0
2023-07-04,I-P5461A,2950,M2H,0,0,0,0,0.0
2023-07-04,I-P5461A,2950,M2V,0,0,0,0,0.0
2023-07-04,I-P5461A,2950,M2A,0,0,0,0,0.0
2023-07-04,I-P5461A,2950,P3H,0,0,3,0,3.0
2023-07-04,I-P5461A,2950,P3V,0,0,3,0,3.0
2023-07-04,I-P5461A,2950,P3A,0,0,3,0,3.0
2023-07-04,I-P5461A,2950,P4H,0,0,2,0,2.0
2023-07-04,I-P5461A,2950,P4V,0,0,2,0,2.0
2023-07-04,I-P5461A,2950,P4A,0,0,3,0,3.0
2026-01-23,2-G-9107B ,746,M1H,1,1,1,1,1.0
2026-01-23,2-G-9107B ,746,M1V,1,1,1,1,1.0
2026-01-23,2-G-9107B ,746,M1A,1,1,1,1,1.0
2026-01-23,2-G-9107B ,746,M2H,1,1,1,1,1.0
2026-01-23,2-G-9107B ,746,M2V,1,1,1,1,1.0
2026-01-23,2-G-9107B ,746,M2A,1,1,1,1,1.0
2026-01-23,2-G-9107B ,746,P1H,1,1,1,1,1.0
2026-01-23,2-G-9107B ,746,P1V,1,1,1,1,1.0
2026-01-23,2-G-9107B ,746,P1A,1,1,1,1,1.0
2026-01-23,2-G-9107B ,746,P2H,1,1,1,1,1.0
2026-01-23,2-G-9107B ,746,P2V,1,1,1,1,1.0
2026-01-23,2-G-9107B ,746,P2A,1,1,1,1,1.0
2025-11-14,2-G-9107B ,746,M1H,1,1,1,1,1.0
2025-11-14,2-G-9107B ,746,M1V,1,1,1,1,1.0
2025-11-14,2-G-9107B ,746,M1A,1,1,1,1,1.0
2025-11-14,2-G-9107B ,746,M2H,1,1,1,1,1.0
2025-11-14,2-G-9107B ,746,M2V,1,1,1,1,1.0
2025-11-14,2-G-9107B ,746,M2A,1,1,1,1,1.0
2025-11-14,2-G-9107B ,746,P1H,1,1,1,1,1.0
2025-11-14,2-G-9107B ,746,P1V,1,1,1,1,1.0
2025-11-14,2-G-9107B ,746,P1A,1,1,1,1,1.0
2025-11-14,2-G-9107B ,746,P2H,1,1,1,1,1.0
2025-11-14,2-G-9107B ,746,P2V,1,1,1,1,1.0
2025-11-14,2-G-9107B ,746,P2A,1,1,1,1,1.0
2025-09-12,2-G-9107B ,746,M1H,1,1,1,1,1.0
2025-09-12,2-G-9107B ,746,M1V,1,1,1,1,1.0
2025-09-12,2-G-9107B ,746,M1A,1,1,1,1,1.0
2025-09-12,2-G-9107B ,746,M2H,1,1,1,1,1.0
2025-09-12,2-G-9107B ,746,M2V,1,1,1,1,1.0
2025-09-12,2-G-9107B ,746,M2A,1,1,1,1,1.0
2025-09-12,2-G-9107B ,746,P1H,1,1,1,1,1.0
2025-09-12,2-G-9107B ,746,P1V,1,1,1,1,1.0
2025-09-12,2-G-9107B ,746,P1A,1,1,1,1,1.0
2025-09-12,2-G-9107B ,746,P2H,1,1,1,1,1.0
2025-09-12,2-G-9107B ,746,P2V,1,1,1,1,1.0
2025-09-12,2-G-9107B ,746,P2A,1,1,1,1,1.0
2025-07-24,2-G-9107B ,746,M1H,1,1,1,1,1.0
2025-07-24,2-G-9107B ,746,M1V,1,1,1,1,1.0
2025-07-24,2-G-9107B ,746,M1A,1,1,1,1,1.0
2025-07-24,2-G-9107B ,746,M2H,1,1,1,1,1.0
2025-07-24,2-G-9107B ,746,M2V,1,1,1,1,1.0
2025-07-24,2-G-9107B ,746,M2A,1,1,1,1,1.0
2025-07-24,2-G-9107B ,746,P1H,1,1,1,1,1.0
2025-07-24,2-G-9107B ,746,P1V,1,1,1,1,1.0
2025-07-24,2-G-9107B ,746,P1A,1,1,1,1,1.0
2025-07-24,2-G-9107B ,746,P2H,1,1,1,1,1.0
2025-07-24,2-G-9107B ,746,P2V,1,1,1,1,1.0
2025-07-24,2-G-9107B ,746,P2A,1,1,1,1,1.0
2025-05-14,2-G-9107B ,746,M1H,1,1,1,1,1.0
2025-05-14,2-G-9107B ,746,M1V,1,1,1,1,1.0
2025-05-14,2-G-9107B ,746,M1A,1,1,1,1,1.0
2025-05-14,2-G-9107B ,746,M2H,1,1,1,1,1.0
2025-05-14,2-G-9107B ,746,M2V,1,1,1,1,1.0
2025-05-14,2-G-9107B ,746,M2A,1,1,1,1,1.0
2025-05-14,2-G-9107B ,746,P1H,1,1,1,1,1.0
2025-05-14,2-G-9107B ,746,P1V,1,1,1,1,1.0
2025-05-14,2-G-9107B ,746,P1A,1,1,1,1,1.0
2025-05-14,2-G-9107B ,746,P2H,1,1,1,1,1.0
2025-05-14,2-G-9107B ,746,P2V,1,1,1,1,1.0
2025-05-14,2-G-9107B ,746,P2A,1,1,1,1,1.0
2025-12-04,P-2425B,2920,M1H,1,1,1,1,1.0
2025-12-04,P-2425B,2920,M1V,1,1,1,1,1.0
2025-12-04,P-2425B,2920,M1A,1,1,1,1,1.0
2025-12-04,P-2425B,2920,M2H,1,1,1,1,1.0
2025-12-04,P-2425B,2920,M2V,1,1,1,1,1.0
2025-12-04,P-2425B,2920,M2A,1,1,1,1,1.0
2025-12-04,P-2425B,2920,P1H,1,1,1,1,1.0
2025-12-04,P-2425B,2920,P1V,1,1,1,1,1.0
2025-12-04,P-2425B,2920,P1A,1,1,1,1,1.0
2025-12-04,P-2425B,2920,P2H,1,1,1,1,1.0
2025-12-04,P-2425B,2920,P2V,1,1,1,1,1.0
2025-12-04,P-2425B,2920,P2A,1,1,1,1,1.0
2025-08-13,P-2425B,2920,M1H,1,1,1,1,1.0
2025-08-13,P-2425B,2920,M1V,1,1,1,1,1.0
2025-08-13,P-2425B,2920,M1A,1,1,1,1,1.0
2025-08-13,P-2425B,2920,M2H,1,1,1,1,1.0
2025-08-13,P-2425B,2920,M2V,1,1,1,1,1.0
2025-08-13,P-2425B,2920,M2A,1,1,1,1,1.0
2025-08-13,P-2425B,2920,P1H,1,1,1,1,1.0
2025-08-13,P-2425B,2920,P1V,1,1,1,1,1.0
2025-08-13,P-2425B,2920,P1A,1,1,1,1,1.0
2025-08-13,P-2425B,2920,P2H,1,1,1,1,1.0
2025-08-13,P-2425B,2920,P2V,1,1,1,1,1.0
2025-08-13,P-2425B,2920,P2A,1,1,1,1,1.0
2025-04-22,P-2425B,2920,M1H,1,1,1,1,1.0
2025-04-22,P-2425B,2920,M1V,1,1,1,1,1.0
2025-04-22,P-2425B,2920,M1A,1,1,1,1,1.0
2025-04-22,P-2425B,2920,M2H,1,1,1,1,1.0
2025-04-22,P-2425B,2920,M2V,1,1,1,1,1.0
2025-04-22,P-2425B,2920,M2A,1,1,1,1,1.0
2025-04-22,P-2425B,2920,P1H,1,1,1,1,1.0
2025-04-22,P-2425B,2920,P1V,1,1,1,1,1.0
2025-04-22,P-2425B,2920,P1A,1,1,1,1,1.0
2025-04-22,P-2425B,2920,P2H,1,1,1,1,1.0
2025-04-22,P-2425B,2920,P2V,1,1,1,1,1.0
2025-04-22,P-2425B,2920,P2A,1,1,1,1,1.0
2024-12-17,P-2425B,2920,M1H,1,1,1,1,1.0
2024-12-17,P-2425B,2920,M1V,1,1,1,1,1.0
2024-12-17,P-2425B,2920,M2H,1,1,1,1,1.0
2024-12-17,P-2425B,2920,M2V,1,1,1,1,1.0
2024-12-17,P-2425B,2920,M2A,1,1,1,1,1.0
2024-12-17,P-2425B,2920,P1H,1,1,1,1,1.0
2024-12-17,P-2425B,2920,P1V,1,1,1,1,1.0
2024-12-17,P-2425B,2920,P2H,1,1,1,1,1.0
2024-12-17,P-2425B,2920,P2V,1,1,1,1,1.0
2024-12-17,P-2425B,2920,P2A,1,1,1,1,1.0
2024-08-16,P-2425B,2920,M1H,1,1,1,1,1.0
2024-08-16,P-2425B,2920,M1V,1,1,1,1,1.0
2024-08-16,P-2425B,2920,M1A,1,1,1,1,1.0
2024-08-16,P-2425B,2920,M2H,1,1,1,1,1.0
2024-08-16,P-2425B,2920,M2V,1,1,1,1,1.0
2024-08-16,P-2425B,2920,M2A,1,1,1,1,1.0
2024-08-16,P-2425B,2920,P1H,1,1,1,1,1.0
2024-08-16,P-2425B,2920,P1V,1,1,1,1,1.0
2024-08-16,P-2425B,2920,P1A,1,1,1,1,1.0
2024-08-16,P-2425B,2920,P2H,1,1,1,1,1.0
2024-08-16,P-2425B,2920,P2V,1,1,1,1,1.0
2024-08-16,P-2425B,2920,P2A,1,1,1,1,1.0
2024-09-19,2200P039,2926,M1H,1,1,1,1,1.0
2024-09-19,2200P039,2926,M1V,1,1,1,1,1.0
2024-09-19,2200P039,2926,M2H,1,1,1,1,1.0
2024-09-19,2200P039,2926,M2V,1,1,1,1,1.0
2024-09-19,2200P039,2926,M2A,1,1,1,1,1.0
2024-09-19,2200P039,2926,P1H,1,1,1,2,2.0
2024-09-19,2200P039,2926,P1V,1,1,1,2,2.0
2024-09-19,2200P039,2926,P2H,1,1,1,1,1.0
2024-09-19,2200P039,2926,P2V,1,1,1,1,1.0
2024-09-19,2200P039,2926,P2A,1,1,1,1,1.0
2022-03-16,2200P039,2934,M1H,1,1,1,1,1.0
2022-03-16,2200P039,2934,M1V,1,1,1,1,1.0
2022-03-16,2200P039,2934,M2H,1,1,1,1,1.0
2022-03-16,2200P039,2934,M2V,1,1,1,1,1.0
2022-03-16,2200P039,2934,M2A,1,1,1,1,1.0
2022-03-16,2200P039,2934,P1H,1,1,1,2,2.0
2022-03-16,2200P039,2934,P1V,1,1,1,2,2.0
2022-03-16,2200P039,2934,P2H,1,1,1,1,1.0
2022-03-16,2200P039,2934,P2V,1,1,1,1,1.0
2022-03-16,2200P039,2934,P2A,1,1,1,1,1.0
2022-01-15,2200P039,2934,M1H,1,1,1,1,1.0
2022-01-15,2200P039,2934,M1V,1,1,1,1,1.0
2022-01-15,2200P039,2934,M2H,1,1,1,1,1.0
2022-01-15,2200P039,2934,M2V,1,1,1,1,1.0
2022-01-15,2200P039,2934,M2A,1,1,1,1,1.0
2022-01-15,2200P039,2934,P1H,1,1,1,2,2.0
2022-01-15,2200P039,2934,P1V,1,1,1,2,2.0
2022-01-15,2200P039,2934,P2H,1,1,1,1,1.0
2022-01-15,2200P039,2934,P2V,1,1,1,1,1.0
2022-01-15,2200P039,2934,P2A,1,1,1,1,1.0
2021-11-10,2200P039,2934,M1H,1,1,1,1,1.0
2021-11-10,2200P039,2934,M1V,1,1,1,1,1.0
2021-11-10,2200P039,2934,M2H,1,1,1,1,1.0
2021-11-10,2200P039,2934,M2V,1,1,1,1,1.0
2021-11-10,2200P039,2934,M2A,1,1,1,1,1.0
2021-11-10,2200P039,2934,P1H,1,1,1,2,2.0
2021-11-10,2200P039,2934,P1V,1,1,1,2,2.0
2021-11-10,2200P039,2934,P2H,1,1,1,1,1.0
2021-11-10,2200P039,2934,P2V,1,1,1,1,1.0
2021-11-10,2200P039,2934,P2A,1,1,1,1,1.0
2025-08-22,K-201C-P01A,1467,M1H,2,1,1,2,2.0
2025-08-22,K-201C-P01A,1467,M1V,2,1,1,2,2.0
2025-08-22,K-201C-P01A,1467,M1A,2,1,1,2,2.0
2025-08-22,K-201C-P01A,1467,M2H,2,1,1,2,2.0
2025-08-22,K-201C-P01A,1467,M2V,2,1,1,2,2.0
2025-08-22,K-201C-P01A,1467,M2A,2,1,1,2,2.0
2025-08-22,K-201C-P01A,1467,P1H,1,1,1,1,1.0
2025-08-22,K-201C-P01A,1467,P1V,1,1,1,1,1.0
2025-08-22,K-201C-P01A,1467,P1A,1,1,1,1,1.0
2025-08-22,K-201C-P01A,1467,P2H,1,1,1,1,1.0
2025-08-22,K-201C-P01A,1467,P2V,1,1,1,1,1.0
2025-08-22,K-201C-P01A,1467,P2A,1,1,1,1,1.0
2025-11-27,P-1104A,2982,M1H,1,1,1,1,1.0
2025-11-27,P-1104A,2982,M1V,1,1,1,1,1.0
2025-11-27,P-1104A,2982,M1A,1,1,1,1,1.0
2025-11-27,P-1104A,2982,M2H,2,1,1,1,2.0
2025-11-27,P-1104A,2982,M2V,2,1,1,1,2.0
2025-11-27,P-1104A,2982,M2A,2,1,1,1,2.0
2025-11-27,P-1104A,2982,P1H,1,1,1,1,1.0
2025-11-27,P-1104A,2982,P1V,1,1,1,1,1.0
2025-11-27,P-1104A,2982,P1A,1,1,1,1,1.0
2025-11-27,P-1104A,2982,P2H,1,1,1,1,1.0
2025-11-27,P-1104A,2982,P2V,1,1,1,1,1.0
2025-11-27,P-1104A,2982,P2A,1,1,1,1,1.0
2025-11-03,P-1104A,2982,M1H,1,1,1,1,1.0
2025-11-03,P-1104A,2982,M1V,1,1,1,1,1.0
2025-11-03,P-1104A,2982,M1A,1,1,1,1,1.0
2025-11-03,P-1104A,2982,M2H,2,1,1,1,2.0
2025-11-03,P-1104A,2982,M2V,2,1,1,1,2.0
2025-11-03,P-1104A,2982,M2A,2,1,1,1,2.0
2025-11-03,P-1104A,2982,P1H,1,1,1,1,1.0
2025-11-03,P-1104A,2982,P1V,1,1,1,1,1.0
2025-11-03,P-1104A,2982,P1A,1,1,1,1,1.0
2025-11-03,P-1104A,2982,P2H,1,1,1,1,1.0
2025-11-03,P-1104A,2982,P2V,1,1,1,1,1.0
2025-11-03,P-1104A,2982,P2A,1,1,1,1,1.0
2025-05-22,P-6113A,1488,M1H,1,1,1,1,1.0
2025-05-22,P-6113A,1488,M1V,1,1,1,1,1.0
2025-05-22,P-6113A,1488,M1A,1,1,1,1,1.0
2025-05-22,P-6113A,1488,M2H,1,1,1,1,1.0
2025-05-22,P-6113A,1488,M2V,1,1,1,1,1.0
2025-05-22,P-6113A,1488,M2A,1,1,1,1,1.0
2025-05-22,P-6113A,1488,P1H,1,1,2,2,2.0
2025-05-22,P-6113A,1488,P1V,1,1,2,2,2.0
2025-05-22,P-6113A,1488,P1A,1,1,2,2,2.0
2025-05-22,P-6113A,1488,P2H,1,1,1,1,1.0
2025-05-22,P-6113A,1488,P2V,1,1,1,1,1.0
2025-05-22,P-6113A,1488,P2A,1,1,1,1,1.0
2025-03-04,P-6113A,1488,M1H,1,1,1,1,1.0
2025-03-04,P-6113A,1488,M1V,1,1,1,1,1.0
2025-03-04,P-6113A,1488,M1A,1,1,1,1,1.0
2025-03-04,P-6113A,1488,M2H,1,1,1,1,1.0
2025-03-04,P-6113A,1488,M2V,1,1,1,1,1.0
2025-03-04,P-6113A,1488,M2A,1,1,1,1,1.0
2025-03-04,P-6113A,1488,P1H,1,1,2,2,2.0
2025-03-04,P-6113A,1488,P1V,1,1,2,2,2.0
2025-03-04,P-6113A,1488,P1A,1,1,2,2,2.0
2025-03-04,P-6113A,1488,P2H,1,1,1,1,1.0
2025-03-04,P-6113A,1488,P2V,1,1,1,1,1.0
2025-03-04,P-6113A,1488,P2A,1,1,1,1,1.0
2025-11-07,P-6113A,1488,M1H,1,1,1,1,1.0
2025-11-07,P-6113A,1488,M1V,1,1,1,1,1.0
2025-11-07,P-6113A,1488,M1A,1,1,1,1,1.0
2025-11-07,P-6113A,1488,M2H,1,1,1,1,1.0
2025-11-07,P-6113A,1488,M2V,1,1,1,1,1.0
2025-11-07,P-6113A,1488,M2A,1,1,1,1,1.0
2025-11-07,P-6113A,1488,P1H,1,1,2,2,2.0
2025-11-07,P-6113A,1488,P1V,1,1,2,2,2.0
2025-11-07,P-6113A,1488,P1A,1,1,2,2,2.0
2025-11-07,P-6113A,1488,P2H,1,1,1,1,1.0
2025-11-07,P-6113A,1488,P2V,1,1,1,1,1.0
2025-11-07,P-6113A,1488,P2A,1,1,1,1,1.0
2026-01-08,2-G-9107B ,746,M1H,1,3,1,1,3.0
2026-01-08,2-G-9107B ,746,M1V,1,3,1,1,3.0
2026-01-08,2-G-9107B ,746,M1A,1,3,1,1,3.0
2026-01-08,2-G-9107B ,746,M2H,1,3,1,1,3.0
2026-01-08,2-G-9107B ,746,M2V,1,3,1,1,3.0
2026-01-08,2-G-9107B ,746,M2A,1,3,1,1,3.0
2026-01-08,2-G-9107B ,746,P1H,1,1,1,1,1.0
2026-01-08,2-G-9107B ,746,P1V,1,1,1,1,1.0
2026-01-08,2-G-9107B ,746,P1A,1,1,1,1,1.0
2026-01-08,2-G-9107B ,746,P2H,1,1,1,1,1.0
2026-01-08,2-G-9107B ,746,P2V,1,1,1,1,1.0
2026-01-08,2-G-9107B ,746,P2A,1,1,1,1,1.0
2026-01-14,2-G-9107B ,746,M1H,1,3,1,1,3.0
2026-01-14,2-G-9107B ,746,M1V,1,3,1,1,3.0
2026-01-14,2-G-9107B ,746,M1A,1,3,1,1,3.0
2026-01-14,2-G-9107B ,746,M2H,1,3,1,1,3.0
2026-01-14,2-G-9107B ,746,M2V,1,3,1,1,3.0
2026-01-14,2-G-9107B ,746,M2A,1,3,1,1,3.0
2026-01-14,2-G-9107B ,746,P1H,1,1,1,1,1.0
2026-01-14,2-G-9107B ,746,P1V,1,1,1,1,1.0
2026-01-14,2-G-9107B ,746,P1A,1,1,1,1,1.0
2026-01-14,2-G-9107B ,746,P2H,1,1,1,1,1.0
2026-01-14,2-G-9107B ,746,P2V,1,1,1,1,1.0
2026-01-14,2-G-9107B ,746,P2A,1,1,1,1,1.0
2025-12-10,0520P03,1340 (VSD),M1H,1,3,1,1,3.0
2025-12-10,0520P03,1340 (VSD),M1V,1,3,1,1,3.0
2025-12-10,0520P03,1340 (VSD),M2H,1,1,1,1,1.0
2025-12-10,0520P03,1340 (VSD),M2V,1,1,1,1,1.0
2025-12-10,0520P03,1340 (VSD),M2A,1,1,1,1,1.0
2025-12-10,0520P03,1340 (VSD),P1H,1,1,1,1,1.0
2025-12-10,0520P03,1340 (VSD),P1V,1,1,1,1,1.0
2025-12-10,0520P03,1340 (VSD),P1A,1,1,1,1,1.0
2025-12-10,0520P03,1340 (VSD),P2H,1,1,1,1,1.0
2025-12-10,0520P03,1340 (VSD),P2V,1,1,1,1,1.0
2025-12-10,0520P03,1340 (VSD),P2A,1,1,1,1,1.0
2025-10-30,0520P03,1340 (VSD),M1H,1,3,1,1,3.0
2025-10-30,0520P03,1340 (VSD),M1V,1,3,1,1,3.0
2025-10-30,0520P03,1340 (VSD),M2H,1,1,1,1,1.0
2025-10-30,0520P03,1340 (VSD),M2V,1,1,1,1,1.0
2025-10-30,0520P03,1340 (VSD),M2A,1,1,1,1,1.0
2025-10-30,0520P03,1340 (VSD),P1H,1,1,1,1,1.0
2025-10-30,0520P03,1340 (VSD),P1V,1,1,1,1,1.0
2025-10-30,0520P03,1340 (VSD),P1A,1,1,1,1,1.0
2025-10-30,0520P03,1340 (VSD),P2H,1,1,1,1,1.0
2025-10-30,0520P03,1340 (VSD),P2V,1,1,1,1,1.0
2025-10-30,0520P03,1340 (VSD),P2A,1,1,1,1,1.0
2025-06-25,0520P03,1475 (VSD),M1H,1,3,1,1,3.0
2025-06-25,0520P03,1475 (VSD),M1V,1,3,1,1,3.0
2025-06-25,0520P03,1475 (VSD),M2H,1,1,1,1,1.0
2025-06-25,0520P03,1475 (VSD),M2V,1,1,1,1,1.0
2025-06-25,0520P03,1475 (VSD),M2A,1,1,1,1,1.0
2025-06-25,0520P03,1475 (VSD),P1H,1,1,1,1,1.0
2025-06-25,0520P03,1475 (VSD),P1V,1,1,1,1,1.0
2025-06-25,0520P03,1475 (VSD),P1A,1,1,1,1,1.0
2025-06-25,0520P03,1475 (VSD),P2H,1,1,1,1,1.0
2025-06-25,0520P03,1475 (VSD),P2V,1,1,1,1,1.0
2025-06-25,0520P03,1475 (VSD),P2A,1,1,1,1,1.0
2025-05-28,2200P039,2934,M1H,1,1,1,1,1.0
2025-05-28,2200P039,2934,M1V,1,1,1,1,1.0
2025-05-28,2200P039,2934,M2H,1,1,1,1,1.0
2025-05-28,2200P039,2934,M2V,1,1,1,1,1.0
2025-05-28,2200P039,2934,M2A,1,1,1,1,1.0
2025-05-28,2200P039,2934,P1H,1,1,1,3,3.0
2025-05-28,2200P039,2934,P1V,1,1,1,3,3.0
2025-05-28,2200P039,2934,P2H,1,1,1,1,1.0
2025-05-28,2200P039,2934,P2V,1,1,1,1,1.0
2025-05-28,2200P039,2934,P2A,1,1,1,1,1.0
2024-02-20,G-200A,1453,M1H,3,1,1,1,3.0
2024-02-20,G-200A,1453,M1V,3,1,1,1,3.0
2024-02-20,G-200A,1453,M1A,3,1,1,1,3.0
2024-02-20,G-200A,1453,M2H,3,1,1,1,3.0
2024-02-20,G-200A,1453,M2V,3,1,1,1,3.0
2024-02-20,G-200A,1453,M2A,3,1,1,1,3.0
2024-02-20,G-200A,1453,P1H,1,1,1,1,1.0
2024-02-20,G-200A,1453,P1V,1,1,1,1,1.0
2024-02-20,G-200A,1453,P1A,1,1,1,1,1.0
2024-02-20,G-200A,1453,P2H,1,1,1,1,1.0
2024-02-20,G-200A,1453,P2V,1,1,1,1,1.0
2024-02-20,G-200A,1453,P2A,1,1,1,1,1.0
2023-10-05,G-200A,1453,M1H,3,1,1,1,3.0
2023-10-05,G-200A,1453,M1V,3,1,1,1,3.0
2023-10-05,G-200A,1453,M1A,3,1,1,1,3.0
2023-10-05,G-200A,1453,M2H,3,1,1,1,3.0
2023-10-05,G-200A,1453,M2V,3,1,1,1,3.0
2023-10-05,G-200A,1453,M2A,3,1,1,1,3.0
2023-10-05,G-200A,1453,P1H,1,1,1,1,1.0
2023-10-05,G-200A,1453,P1V,1,1,1,1,1.0
2023-10-05,G-200A,1453,P1A,1,1,1,1,1.0
2023-10-05,G-200A,1453,P2H,1,1,1,1,1.0
2023-10-05,G-200A,1453,P2V,1,1,1,1,1.0
2023-10-05,G-200A,1453,P2A,1,1,1,1,1.0
2025-04-21,K-201C-P01A,1467,M1H,2,1,1,4,4.0
2025-04-21,K-201C-P01A,1467,M1V,2,1,1,4,4.0
2025-04-21,K-201C-P01A,1467,M1A,2,1,1,4,4.0
2025-04-21,K-201C-P01A,1467,M2H,2,1,1,4,4.0
2025-04-21,K-201C-P01A,1467,M2V,2,1,1,4,4.0
2025-04-21,K-201C-P01A,1467,M2A,2,1,1,4,4.0
2025-04-21,K-201C-P01A,1467,P1H,1,1,1,1,1.0
2025-04-21,K-201C-P01A,1467,P1V,1,1,1,1,1.0
2025-04-21,K-201C-P01A,1467,P1A,1,1,1,1,1.0
2025-04-21,K-201C-P01A,1467,P2H,1,1,1,1,1.0
2025-04-21,K-201C-P01A,1467,P2V,1,1,1,1,1.0
2025-04-21,K-201C-P01A,1467,P2A,1,1,1,1,1.0
2025-10-16,P-1303A,2981,M1H,1,1,1,1,1.0
2025-10-16,P-1303A,2981,M1V,1,1,1,1,1.0
2025-10-16,P-1303A,2981,M1A,1,1,1,1,1.0
2025-10-16,P-1303A,2981,M2H,1,1,1,1,1.0
2025-10-16,P-1303A,2981,M2V,1,1,1,1,1.0
2025-10-16,P-1303A,2981,M2A,1,1,1,1,1.0
2025-10-16,P-1303A,2981,P1H,3,3,1,1,3.0
2025-10-16,P-1303A,2981,P1V,3,3,1,1,3.0
2025-10-16,P-1303A,2981,P1A,3,3,1,1,3.0
2025-10-16,P-1303A,2981,P2H,1,1,1,1,1.0
2025-10-16,P-1303A,2981,P2V,1,1,1,1,1.0
2025-10-16,P-1303A,2981,P2A,1,1,1,1,1.0
2025-09-10,P-1303A,2981,M1H,1,1,1,1,1.0
2025-09-10,P-1303A,2981,M1V,1,1,1,1,1.0
2025-09-10,P-1303A,2981,M1A,1,1,1,1,1.0
2025-09-10,P-1303A,2981,M2H,1,1,1,1,1.0
2025-09-10,P-1303A,2981,M2V,1,1,1,1,1.0
2025-09-10,P-1303A,2981,M2A,1,1,1,1,1.0
2025-09-10,P-1303A,2981,P1H,3,3,1,1,3.0
2025-09-10,P-1303A,2981,P1V,3,3,1,1,3.0
2025-09-10,P-1303A,2981,P1A,3,3,1,1,3.0
2025-09-10,P-1303A,2981,P2H,1,1,1,1,1.0
2025-09-10,P-1303A,2981,P2V,1,1,1,1,1.0
2025-09-10,P-1303A,2981,P2A,1,1,1,1,1.0
2025-09-11,P-1402A,2940,M1H,3,1,1,1,3.0
2025-09-11,P-1402A,2940,M1V,3,1,1,1,3.0
2025-09-11,P-1402A,2940,M1A,3,1,1,1,3.0
2025-09-11,P-1402A,2940,M2H,3,1,1,1,3.0
2025-09-11,P-1402A,2940,M2V,3,1,1,1,3.0
2025-09-11,P-1402A,2940,M2A,3,1,1,1,3.0
2025-09-11,P-1402A,2940,P1H,1,1,1,1,1.0
2025-09-11,P-1402A,2940,P1V,1,1,1,1,1.0
2025-09-11,P-1402A,2940,P1A,1,1,1,1,1.0
2025-09-11,P-1402A,2940,P2H,1,1,1,1,1.0
2025-09-11,P-1402A,2940,P2V,1,1,1,1,1.0
2025-09-11,P-1402A,2940,P2A,1,1,1,1,1.0
2025-10-08,P-2112A,2972,M1H,1,1,1,1,1.0
2025-10-08,P-2112A,2972,M1V,1,1,1,1,1.0
2025-10-08,P-2112A,2972,M1A,1,1,1,1,1.0
2025-10-08,P-2112A,2972,M2H,1,1,1,1,1.0
2025-10-08,P-2112A,2972,M2V,1,1,1,1,1.0
2025-10-08,P-2112A,2972,M2A,1,1,1,1,1.0
2025-10-08,P-2112A,2972,P1H,1,1,1,1,1.0
2025-10-08,P-2112A,2972,P1V,1,1,1,1,1.0
2025-10-08,P-2112A,2972,P1A,1,1,1,1,1.0
2025-10-08,P-2112A,2972,P2H,1,1,3,1,3.0
2025-10-08,P-2112A,2972,P2V,1,1,3,1,3.0
2025-10-08,P-2112A,2972,P2A,1,1,3,1,3.0
2025-09-23,P-2112A,2972,M1H,1,1,1,1,1.0
2025-09-23,P-2112A,2972,M1V,1,1,1,1,1.0
2025-09-23,P-2112A,2972,M1A,1,1,1,1,1.0
2025-09-23,P-2112A,2972,M2H,1,1,1,1,1.0
2025-09-23,P-2112A,2972,M2V,1,1,1,1,1.0
2025-09-23,P-2112A,2972,M2A,1,1,1,1,1.0
2025-09-23,P-2112A,2972,P1H,1,1,1,1,1.0
2025-09-23,P-2112A,2972,P1V,1,1,1,1,1.0
2025-09-23,P-2112A,2972,P1A,1,1,1,1,1.0
2025-09-23,P-2112A,2972,P2H,1,1,3,1,3.0
2025-09-23,P-2112A,2972,P2V,1,1,3,1,3.0
2025-09-23,P-2112A,2972,P2A,1,1,3,1,3.0
2025-09-17,P-2112A,2972,M1H,1,1,1,1,1.0
2025-09-17,P-2112A,2972,M1V,1,1,1,1,1.0
2025-09-17,P-2112A,2972,M1A,1,1,1,1,1.0
2025-09-17,P-2112A,2972,M2H,1,1,1,1,1.0
2025-09-17,P-2112A,2972,M2V,1,1,1,1,1.0
2025-09-17,P-2112A,2972,M2A,1,1,1,1,1.0
2025-09-17,P-2112A,2972,P1H,1,1,1,1,1.0
2025-09-17,P-2112A,2972,P1V,1,1,1,1,1.0
2025-09-17,P-2112A,2972,P1A,1,1,1,1,1.0
2025-09-17,P-2112A,2972,P2H,1,1,3,1,3.0
2025-09-17,P-2112A,2972,P2V,1,1,3,1,3.0
2025-09-17,P-2112A,2972,P2A,1,1,3,1,3.0
2025-08-11,P-2113B,2978,M1H,1,1,1,1,1.0
2025-08-11,P-2113B,2978,M1V,1,1,1,1,1.0
2025-08-11,P-2113B,2978,M1A,1,1,1,1,1.0
2025-08-11,P-2113B,2978,M2H,3,1,1,1,3.0
2025-08-11,P-2113B,2978,M2V,3,1,1,1,3.0
2025-08-11,P-2113B,2978,M2A,3,1,1,1,3.0
2025-08-11,P-2113B,2978,P1H,1,3,1,1,3.0
2025-08-11,P-2113B,2978,P1V,1,3,1,1,3.0
2025-08-11,P-2113B,2978,P1A,1,3,1,1,3.0
2025-08-11,P-2113B,2978,P2H,1,3,1,1,3.0
2025-08-11,P-2113B,2978,P2V,1,3,1,1,3.0
2025-08-11,P-2113B,2978,P2A,1,3,1,1,3.0
2025-07-23,P-2113B,2978,M1H,1,1,1,1,1.0
2025-07-23,P-2113B,2978,M1V,1,1,1,1,1.0
2025-07-23,P-2113B,2978,M1A,1,1,1,1,1.0
2025-07-23,P-2113B,2978,M2H,3,1,1,1,3.0
2025-07-23,P-2113B,2978,M2V,3,1,1,1,3.0
2025-07-23,P-2113B,2978,M2A,3,1,1,1,3.0
2025-07-23,P-2113B,2978,P1H,1,3,1,1,3.0
2025-07-23,P-2113B,2978,P1V,1,3,1,1,3.0
2025-07-23,P-2113B,2978,P1A,1,3,1,1,3.0
2025-07-23,P-2113B,2978,P2H,1,3,1,1,3.0
2025-07-23,P-2113B,2978,P2V,1,3,1,1,3.0
2025-07-23,P-2113B,2978,P2A,1,3,1,1,3.0
2025-04-22,P-2113B,2978,M1H,1,1,1,1,1.0
2025-04-22,P-2113B,2978,M1V,1,1,1,1,1.0
2025-04-22,P-2113B,2978,M1A,1,1,1,1,1.0
2025-04-22,P-2113B,2978,M2H,3,1,1,1,3.0
2025-04-22,P-2113B,2978,M2V,3,1,1,1,3.0
2025-04-22,P-2113B,2978,M2A,3,1,1,1,3.0
2025-04-22,P-2113B,2978,P1H,1,3,1,1,3.0
2025-04-22,P-2113B,2978,P1V,1,3,1,1,3.0
2025-04-22,P-2113B,2978,P1A,1,3,1,1,3.0
2025-04-22,P-2113B,2978,P2H,1,3,1,1,3.0
2025-04-22,P-2113B,2978,P2V,1,3,1,1,3.0
2025-04-22,P-2113B,2978,P2A,1,3,1,1,3.0
2024-12-17,P-2113B,2978,M1H,1,1,1,1,1.0
2024-12-17,P-2113B,2978,M1V,1,1,1,1,1.0
2024-12-17,P-2113B,2978,M1A,1,1,1,1,1.0
2024-12-17,P-2113B,2978,M2H,3,1,1,1,3.0
2024-12-17,P-2113B,2978,M2V,3,1,1,1,3.0
2024-12-17,P-2113B,2978,M2A,3,1,1,1,3.0
2024-12-17,P-2113B,2978,P1H,1,3,1,1,3.0
2024-12-17,P-2113B,2978,P1V,1,3,1,1,3.0
2024-12-17,P-2113B,2978,P1A,1,3,1,1,3.0
2024-12-17,P-2113B,2978,P2H,1,3,1,1,3.0
2024-12-17,P-2113B,2978,P2V,1,3,1,1,3.0
2024-12-17,P-2113B,2978,P2A,1,3,1,1,3.0
2025-04-22,P-2309B,2900,M1H,3,1,1,1,3.0
2025-04-22,P-2309B,2900,M1V,3,1,1,1,3.0
2025-04-22,P-2309B,2900,M1A,3,1,1,1,3.0
2025-04-22,P-2309B,2900,M2H,2,1,1,1,2.0
2025-04-22,P-2309B,2900,M2V,2,1,1,1,2.0
2025-04-22,P-2309B,2900,M2A,3,1,1,1,3.0
2025-04-22,P-2309B,2900,P1H,1,1,1,1,1.0
2025-04-22,P-2309B,2900,P1V,1,1,1,1,1.0
2025-04-22,P-2309B,2900,P1A,1,1,1,1,1.0
2025-04-22,P-2309B,2900,P2H,1,1,1,1,1.0
2025-04-22,P-2309B,2900,P2V,1,1,1,1,1.0
2025-04-22,P-2309B,2900,P2A,1,1,1,1,1.0
2024-08-16,P-2309B,2900,M1H,3,1,1,1,3.0
2024-08-16,P-2309B,2900,M1V,3,1,1,1,3.0
2024-08-16,P-2309B,2900,M1A,2,1,1,1,2.0
2024-08-16,P-2309B,2900,M2H,2,1,1,1,2.0
2024-08-16,P-2309B,2900,M2V,2,1,1,1,2.0
2024-08-16,P-2309B,2900,M2A,2,1,1,1,2.0
2024-08-16,P-2309B,2900,P1H,1,1,1,1,1.0
2024-08-16,P-2309B,2900,P1V,1,1,1,1,1.0
2024-08-16,P-2309B,2900,P1A,1,1,1,1,1.0
2024-08-16,P-2309B,2900,P2H,1,1,1,1,1.0
2024-08-16,P-2309B,2900,P2V,1,1,1,1,1.0
2024-08-16,P-2309B,2900,P2A,1,1,1,1,1.0
2025-05-08,P-2316A,1474,M1H,1,1,1,1,1.0
2025-05-08,P-2316A,1474,M1V,1,1,1,1,1.0
2025-05-08,P-2316A,1474,M2H,1,1,1,1,1.0
2025-05-08,P-2316A,1474,M2V,1,1,1,1,1.0
2025-05-08,P-2316A,1474,M2A,1,1,1,1,1.0
2025-05-08,P-2316A,1474,P1H,1,1,1,1,1.0
2025-05-08,P-2316A,1474,P1V,1,1,1,1,1.0
2025-05-08,P-2316A,1474,P1A,1,1,1,1,1.0
2025-05-08,P-2316A,1474,P2H,3,2,1,1,3.0
2025-05-08,P-2316A,1474,P2V,3,2,1,1,3.0
2025-05-08,P-2316A,1474,P2A,2,2,1,1,2.0
2025-03-21,P-2316A,1474,M1H,1,1,1,1,1.0
2025-03-21,P-2316A,1474,M1V,1,1,1,1,1.0
2025-03-21,P-2316A,1474,M2H,1,1,1,1,1.0
2025-03-21,P-2316A,1474,M2V,1,1,1,1,1.0
2025-03-21,P-2316A,1474,M2A,1,1,1,1,1.0
2025-03-21,P-2316A,1474,P1H,1,1,1,1,1.0
2025-03-21,P-2316A,1474,P1V,1,1,1,1,1.0
2025-03-21,P-2316A,1474,P1A,1,1,1,1,1.0
2025-03-21,P-2316A,1474,P2H,3,2,1,1,3.0
2025-03-21,P-2316A,1474,P2V,3,2,1,1,3.0
2025-03-21,P-2316A,1474,P2A,2,2,1,1,2.0
2025-05-07,P-2316B,1474,M1H,1,1,1,1,1.0
2025-05-07,P-2316B,1474,M1V,1,1,1,1,1.0
2025-05-07,P-2316B,1474,M2H,1,1,1,1,1.0
2025-05-07,P-2316B,1474,M2V,1,1,1,1,1.0
2025-05-07,P-2316B,1474,M2A,1,1,1,1,1.0
2025-05-07,P-2316B,1474,P1H,1,1,1,1,1.0
2025-05-07,P-2316B,1474,P1V,1,1,1,1,1.0
2025-05-07,P-2316B,1474,P1A,1,1,1,1,1.0
2025-05-07,P-2316B,1474,P2H,4,1,1,1,4.0
2025-05-07,P-2316B,1474,P2V,4,1,1,1,4.0
2025-05-07,P-2316B,1474,P2A,4,1,1,1,4.0
2025-11-17,P-2431A,1450,M1H,1,1,1,1,1.0
2025-11-17,P-2431A,1450,M1V,1,1,1,1,1.0
2025-11-17,P-2431A,1450,M1A,1,1,1,1,1.0
2025-11-17,P-2431A,1450,M2H,1,1,1,1,1.0
2025-11-17,P-2431A,1450,M2V,1,1,1,1,1.0
2025-11-17,P-2431A,1450,M2A,1,1,1,1,1.0
2025-11-17,P-2431A,1450,P1H,1,1,1,3,3.0
2025-11-17,P-2431A,1450,P1V,1,1,1,3,3.0
2025-11-17,P-2431A,1450,P1A,1,1,1,3,3.0
2025-11-17,P-2431A,1450,P2H,3,3,3,1,3.0
2025-11-17,P-2431A,1450,P2V,3,3,3,1,3.0
2025-11-17,P-2431A,1450,P2A,3,3,3,1,3.0
2025-10-15,P-2431A,1450,M1H,1,1,1,1,1.0
2025-10-15,P-2431A,1450,M1V,1,1,1,1,1.0
2025-10-15,P-2431A,1450,M1A,1,1,1,1,1.0
2025-10-15,P-2431A,1450,M2H,1,1,1,1,1.0
2025-10-15,P-2431A,1450,M2V,1,1,1,1,1.0
2025-10-15,P-2431A,1450,M2A,1,1,1,1,1.0
2025-10-15,P-2431A,1450,P1H,1,1,1,3,3.0
2025-10-15,P-2431A,1450,P1V,1,1,1,3,3.0
2025-10-15,P-2431A,1450,P1A,1,1,1,3,3.0
2025-10-15,P-2431A,1450,P2H,3,3,3,1,3.0
2025-10-15,P-2431A,1450,P2V,3,3,3,1,3.0
2025-10-15,P-2431A,1450,P2A,3,3,3,1,3.0
2025-09-18,P-2431A,1450,M1H,1,1,1,1,1.0
2025-09-18,P-2431A,1450,M1V,1,1,1,1,1.0
2025-09-18,P-2431A,1450,M1A,1,1,1,1,1.0
2025-09-18,P-2431A,1450,M2H,1,1,1,1,1.0
2025-09-18,P-2431A,1450,M2V,1,1,1,1,1.0
2025-09-18,P-2431A,1450,M2A,1,1,1,1,1.0
2025-09-18,P-2431A,1450,P1H,1,1,1,3,3.0
2025-09-18,P-2431A,1450,P1V,1,1,1,3,3.0
2025-09-18,P-2431A,1450,P1A,1,1,1,3,3.0
2025-09-18,P-2431A,1450,P2H,3,3,3,1,3.0
2025-09-18,P-2431A,1450,P2V,3,3,3,1,3.0
2025-09-18,P-2431A,1450,P2A,3,3,3,1,3.0
2025-07-24,P-2431A,1450,M1H,1,1,1,1,1.0
2025-07-24,P-2431A,1450,M1V,1,1,1,1,1.0
2025-07-24,P-2431A,1450,M1A,1,1,1,1,1.0
2025-07-24,P-2431A,1450,M2H,1,1,1,1,1.0
2025-07-24,P-2431A,1450,M2V,1,1,1,1,1.0
2025-07-24,P-2431A,1450,M2A,1,1,1,1,1.0
2025-07-24,P-2431A,1450,P1H,1,1,1,3,3.0
2025-07-24,P-2431A,1450,P1V,1,1,1,3,3.0
2025-07-24,P-2431A,1450,P1A,1,1,1,3,3.0
2025-07-24,P-2431A,1450,P2H,3,3,3,1,3.0
2025-07-24,P-2431A,1450,P2V,3,3,3,1,3.0
2025-07-24,P-2431A,1450,P2A,3,3,3,1,3.0
2025-06-12,P-2431A,1450,M1H,1,1,1,1,1.0
2025-06-12,P-2431A,1450,M1V,1,1,1,1,1.0
2025-06-12,P-2431A,1450,M1A,1,1,1,1,1.0
2025-06-12,P-2431A,1450,M2H,1,1,1,1,1.0
2025-06-12,P-2431A,1450,M2V,1,1,1,1,1.0
2025-06-12,P-2431A,1450,M2A,1,1,1,1,1.0
2025-06-12,P-2431A,1450,P1H,1,1,1,3,3.0
2025-06-12,P-2431A,1450,P1V,1,1,1,3,3.0
2025-06-12,P-2431A,1450,P1A,1,1,1,3,3.0
2025-06-12,P-2431A,1450,P2H,3,3,3,1,3.0
2025-06-12,P-2431A,1450,P2V,3,3,3,1,3.0
2025-06-12,P-2431A,1450,P2A,3,3,3,1,3.0
2025-03-19,P-2431A,1450,M1H,1,1,1,1,1.0
2025-03-19,P-2431A,1450,M1V,1,1,1,1,1.0
2025-03-19,P-2431A,1450,M2H,1,1,1,1,1.0
2025-03-19,P-2431A,1450,M2V,1,1,1,1,1.0
2025-03-19,P-2431A,1450,M2A,1,1,1,1,1.0
2025-03-19,P-2431A,1450,P1H,1,1,1,3,3.0
2025-03-19,P-2431A,1450,P2H,3,3,3,1,3.0
2025-03-19,P-2431A,1450,P2V,3,3,3,1,3.0
2025-03-19,P-2431A,1450,P2A,3,3,3,1,3.0
2025-03-18,P-2431A,1450,M1H,1,1,1,1,1.0
2025-03-18,P-2431A,1450,M1V,1,1,1,1,1.0
2025-03-18,P-2431A,1450,M2H,1,1,1,1,1.0
2025-03-18,P-2431A,1450,M2V,1,1,1,1,1.0
2025-03-18,P-2431A,1450,M2A,1,1,1,1,1.0
2025-03-18,P-2431A,1450,P1H,1,1,1,3,3.0
2025-03-18,P-2431A,1450,P1V,1,1,1,3,3.0
2025-03-18,P-2431A,1450,P1A,1,1,1,3,3.0
2025-03-18,P-2431A,1450,P2H,3,3,3,1,3.0
2025-03-18,P-2431A,1450,P2V,3,3,3,1,3.0
2025-03-18,P-2431A,1450,P2A,3,3,3,1,3.0
2025-12-12,AB-1903,1470,1V,1,1,1,1,1.0
2025-12-12,AB-1903,1470,1H,1,2,1,1,2.0
2025-12-12,AB-1903,1470,2A,1,1,1,1,1.0
2025-12-12,AB-1903,1470,2V,1,1,1,2,2.0
2025-12-12,AB-1903,1470,2H,1,2,1,2,2.0
2025-12-12,AB-1903,1470,3A,3,2,2,2,3.0
2025-12-12,AB-1903,1470,3V,3,2,2,2,3.0
2025-12-12,AB-1903,1470,3H,3,2,2,2,3.0
2025-12-12,AB-1903,1470,4A,3,2,2,2,3.0
2025-12-12,AB-1903,1470,4V,3,2,2,2,3.0
2025-12-12,AB-1903,1470,4H,3,2,2,2,3.0
2025-12-02,AB-1903,1470,1V,1,1,1,1,1.0
2025-12-02,AB-1903,1470,1H,1,2,1,1,2.0
2025-12-02,AB-1903,1470,2A,1,1,1,1,1.0
2025-12-02,AB-1903,1470,2V,2,2,2,2,2.0
2025-12-02,AB-1903,1470,2H,2,2,2,2,2.0
2025-12-02,AB-1903,1470,3A,3,1,1,1,3.0
2025-12-02,AB-1903,1470,3V,3,1,1,1,3.0
2025-12-02,AB-1903,1470,3H,3,1,1,2,3.0
2025-12-02,AB-1903,1470,4A,3,1,1,1,3.0
2025-12-02,AB-1903,1470,4V,3,1,1,2,3.0
2025-12-02,AB-1903,1470,4H,3,1,1,1,3.0
2025-10-21,AB-1903,1470,1V,1,1,1,1,1.0
2025-10-21,AB-1903,1470,1H,1,2,1,1,2.0
2025-10-21,AB-1903,1470,2A,1,1,1,1,1.0
2025-10-21,AB-1903,1470,2V,1,1,1,1,1.0
2025-10-21,AB-1903,1470,2H,1,1,1,1,1.0
2025-10-21,AB-1903,1470,3A,3,1,1,1,3.0
2025-10-21,AB-1903,1470,3V,3,1,1,2,3.0
2025-10-21,AB-1903,1470,3H,3,1,1,1,3.0
2025-10-21,AB-1903,1470,4A,3,1,1,2,3.0
2025-10-21,AB-1903,1470,4V,3,1,1,2,3.0
2025-10-21,AB-1903,1470,4H,3,1,1,1,3.0
2025-08-08,AB-1903,1470,1V,1,1,1,1,1.0
2025-08-08,AB-1903,1470,1H,1,2,1,1,2.0
2025-08-08,AB-1903,1470,2A,1,1,1,1,1.0
2025-08-08,AB-1903,1470,2V,1,1,1,1,1.0
2025-08-08,AB-1903,1470,2H,1,2,1,1,2.0
2025-08-08,AB-1903,1470,3A,3,1,1,1,3.0
2025-08-08,AB-1903,1470,3V,3,1,1,1,3.0
2025-08-08,AB-1903,1470,3H,2,1,1,1,2.0
2025-08-08,AB-1903,1470,4A,3,1,1,1,3.0
2025-08-08,AB-1903,1470,4V,3,1,1,1,3.0
2025-08-08,AB-1903,1470,4H,3,1,1,1,3.0
2019-02-18,P-1704R,2925,M1H,2,1,2,2,2.0
2019-02-18,P-1704R,2925,M1V,2,1,2,2,2.0
2019-02-18,P-1704R,2925,M2H,3,1,3,3,3.0
2019-02-18,P-1704R,2925,M2V,3,1,3,3,3.0
2019-02-18,P-1704R,2925,M2A,1,1,3,1,3.0
2019-02-18,P-1704R,2925,P1A,1,1,1,1,1.0
2019-02-18,P-1704R,2925,P1V,1,1,1,1,1.0
2019-02-18,P-1704R,2925,P1H,1,1,1,1,1.0
2019-02-18,P-1704R,2925,P2A,1,1,1,1,1.0
2019-02-18,P-1704R,2925,P2V,1,1,1,1,1.0
2019-02-18,P-1704R,2925,P2H,1,1,1,1,1.0
2023-08-09,2-G-7130A,2697,M1H,2,1,2,1,2.0
2023-08-09,2-G-7130A,2697,M1V,3,1,3,1,3.0
2023-08-09,2-G-7130A,2697,M2H,3,1,3,1,3.0
2023-08-09,2-G-7130A,2697,M2V,3,1,3,1,3.0
2023-08-09,2-G-7130A,2697,M2A,3,1,3,1,3.0
2023-08-09,2-G-7130A,2697,P3H,2,1,2,1,2.0
2023-08-09,2-G-7130A,2697,P3V,2,1,2,1,2.0
2023-08-09,2-G-7130A,2697,P4H,2,1,2,1,2.0
2023-08-09,2-G-7130A,2697,P4V,1,1,1,1,1.0
2023-08-09,2-G-7130A,2697,P4A,2,1,2,1,2.0
2023-06-14,2-G-7130A,2697,M1H,2,1,2,2,2.0
2023-06-14,2-G-7130A,2697,M1V,3,1,3,1,3.0
2023-06-14,2-G-7130A,2697,M2H,3,1,3,1,3.0
2023-06-14,2-G-7130A,2697,M2V,3,1,3,1,3.0
2023-06-14,2-G-7130A,2697,M2A,3,1,3,1,3.0
2023-06-14,2-G-7130A,2697,P3H,2,1,2,1,2.0
2023-06-14,2-G-7130A,2697,P3V,2,1,2,1,2.0
2023-06-14,2-G-7130A,2697,P4H,2,1,2,1,2.0
2023-06-14,2-G-7130A,2697,P4V,1,1,1,1,1.0
2023-06-14,2-G-7130A,2697,P4A,1,1,1,1,1.0
2023-05-10,2-G-7130A,2697,M1H,2,2,2,2,2.0
2023-05-10,2-G-7130A,2697,M1V,3,1,3,1,3.0
2023-05-10,2-G-7130A,2697,M2H,2,1,2,1,2.0
2023-05-10,2-G-7130A,2697,M2V,3,1,3,1,3.0
2023-05-10,2-G-7130A,2697,M2A,3,1,3,1,3.0
2023-05-10,2-G-7130A,2697,P3H,2,1,2,1,2.0
2023-05-10,2-G-7130A,2697,P3V,1,1,1,1,1.0
2023-05-10,2-G-7130A,2697,P4H,2,1,2,1,2.0
2023-05-10,2-G-7130A,2697,P4V,1,1,1,1,1.0
2023-05-10,2-G-7130A,2697,P4A,1,1,1,1,1.0
2023-04-12,2-G-7130A,2697,M1H,1,1,1,1,1.0
2023-04-12,2-G-7130A,2697,M1V,2,1,2,1,2.0
2023-04-12,2-G-7130A,2697,M2H,2,1,2,1,2.0
2023-04-12,2-G-7130A,2697,M2V,3,1,3,1,3.0
2023-04-12,2-G-7130A,2697,M2A,3,1,3,1,3.0
2023-04-12,2-G-7130A,2697,P3H,2,1,2,1,2.0
2023-04-12,2-G-7130A,2697,P3V,1,1,1,1,1.0
2023-04-12,2-G-7130A,2697,P4H,2,1,2,1,2.0
2023-04-12,2-G-7130A,2697,P4V,1,1,1,1,1.0
2023-04-12,2-G-7130A,2697,P4A,1,1,1,1,1.0
2023-03-09,2-G-7130A,2697,M1H,1,1,1,1,1.0
2023-03-09,2-G-7130A,2697,M1V,2,1,2,1,2.0
2023-03-09,2-G-7130A,2697,M2H,2,1,2,1,2.0
2023-03-09,2-G-7130A,2697,M2V,3,1,3,1,3.0
2023-03-09,2-G-7130A,2697,M2A,3,1,3,1,3.0
2023-03-09,2-G-7130A,2697,P3H,2,1,2,1,2.0
2023-03-09,2-G-7130A,2697,P3V,1,1,1,1,1.0
2023-03-09,2-G-7130A,2697,P4H,2,1,2,1,2.0
2023-03-09,2-G-7130A,2697,P4V,1,1,1,1,1.0
2023-03-09,2-G-7130A,2697,P4A,1,1,1,1,1.0
2023-02-09,2-G-7130A,2697,M1H,2,1,2,1,2.0
2023-02-09,2-G-7130A,2697,M1V,3,1,3,1,3.0
2023-02-09,2-G-7130A,2697,M2H,2,1,2,1,2.0
2023-02-09,2-G-7130A,2697,M2V,3,1,3,1,3.0
2023-02-09,2-G-7130A,2697,M2A,3,1,3,1,3.0
2023-02-09,2-G-7130A,2697,P3H,2,1,2,1,2.0
2023-02-09,2-G-7130A,2697,P3V,2,1,2,1,2.0
2023-02-09,2-G-7130A,2697,P4H,2,1,2,1,2.0
2023-02-09,2-G-7130A,2697,P4V,1,1,1,1,1.0
2023-02-09,2-G-7130A,2697,P4A,1,1,1,1,1.0
2023-01-12,2-G-7130A,2697,M1H,2,1,2,1,2.0
2023-01-12,2-G-7130A,2697,M1V,3,1,3,1,3.0
2023-01-12,2-G-7130A,2697,M2H,2,1,2,1,2.0
2023-01-12,2-G-7130A,2697,M2V,3,1,3,1,3.0
2023-01-12,2-G-7130A,2697,M2A,3,1,3,1,3.0
2023-01-12,2-G-7130A,2697,P3H,2,1,2,1,2.0
2023-01-12,2-G-7130A,2697,P3V,2,1,2,1,2.0
2023-01-12,2-G-7130A,2697,P4H,2,1,2,1,2.0
2023-01-12,2-G-7130A,2697,P4V,1,1,1,1,1.0
2023-01-12,2-G-7130A,2697,P4A,2,1,2,1,2.0
2022-12-15,2-G-7130A,2697,M1H,1,1,1,2,2.0
2022-12-15,2-G-7130A,2697,M1V,3,1,3,2,3.0
2022-12-15,2-G-7130A,2697,M2H,2,1,2,1,2.0
2022-12-15,2-G-7130A,2697,M2V,3,1,3,1,3.0
2022-12-15,2-G-7130A,2697,M2A,3,1,3,1,3.0
2022-12-15,2-G-7130A,2697,P3H,2,1,2,1,2.0
2022-12-15,2-G-7130A,2697,P3V,2,1,2,1,2.0
2022-12-15,2-G-7130A,2697,P4H,2,1,2,1,2.0
2022-12-15,2-G-7130A,2697,P4V,2,1,2,1,2.0
2022-12-15,2-G-7130A,2697,P4A,2,1,2,1,2.0
2022-11-25,2-G-7130A,2697,M1H,2,1,2,1,2.0
2022-11-25,2-G-7130A,2697,M1V,3,1,3,1,3.0
2022-11-25,2-G-7130A,2697,M2H,1,1,1,1,1.0
2022-11-25,2-G-7130A,2697,M2V,3,1,3,1,3.0
2022-11-25,2-G-7130A,2697,M2A,3,1,3,1,3.0
2022-11-25,2-G-7130A,2697,P3H,2,1,2,1,2.0
2022-11-25,2-G-7130A,2697,P3V,2,1,2,1,2.0
2022-11-25,2-G-7130A,2697,P4H,2,1,2,1,2.0
2022-11-25,2-G-7130A,2697,P4V,2,1,2,1,2.0
2022-11-25,2-G-7130A,2697,P4A,2,1,2,1,2.0
2023-10-24,AB-4202,2900,1V,1,1,1,1,1.0
2023-10-24,AB-4202,2900,1H,1,1,1,1,1.0
2023-10-24,AB-4202,2900,2A,1,1,1,1,1.0
2023-10-24,AB-4202,2900,2V,1,1,1,1,1.0
2023-10-24,AB-4202,2900,2H,1,1,1,1,1.0
2023-10-24,AB-4202,2900,3V,2,1,1,1,2.0
2023-10-24,AB-4202,2900,3H,1,1,1,3,3.0
2023-10-24,AB-4202,2900,4V,1,1,1,1,1.0
2023-10-24,AB-4202,2900,4H,3,1,1,1,3.0
2023-10-19,AB-4202,2900,1V,1,1,1,1,1.0
2023-10-19,AB-4202,2900,1H,1,1,1,1,1.0
2023-10-19,AB-4202,2900,2A,1,1,1,1,1.0
2023-10-19,AB-4202,2900,2V,1,1,1,1,1.0
2023-10-19,AB-4202,2900,2H,1,1,1,1,1.0
2023-10-19,AB-4202,2900,3V,3,1,1,3,3.0
2023-10-19,AB-4202,2900,3H,3,1,1,3,3.0
2023-10-19,AB-4202,2900,4V,1,1,1,1,1.0
2023-10-19,AB-4202,2900,4H,2,2,1,2,2.0
2025-06-17,P-1804A,2975,1V,1,1,1,1,1.0
2025-06-17,P-1804A,2975,1H,1,1,1,1,1.0
2025-06-17,P-1804A,2975,2A,1,1,1,1,1.0
2025-06-17,P-1804A,2975,2V,1,1,1,1,1.0
2025-06-17,P-1804A,2975,2H,1,1,1,1,1.0
2025-06-17,P-1804A,2975,3V,1,1,1,1,1.0
2025-06-17,P-1804A,2975,3H,1,1,1,1,1.0
2025-06-17,P-1804A,2975,4A,1,1,1,1,1.0
2025-06-17,P-1804A,2975,4V,1,1,1,1,1.0
2025-06-17,P-1804A,2975,4H,1,1,1,1,1.0
2025-04-02,P-1804A,2975,1V,1,1,1,1,1.0
2025-04-02,P-1804A,2975,1H,1,1,1,1,1.0
2025-04-02,P-1804A,2975,2A,1,1,1,1,1.0
2025-04-02,P-1804A,2975,2V,1,1,1,1,1.0
2025-04-02,P-1804A,2975,2H,1,1,1,1,1.0
2025-04-02,P-1804A,2975,3V,1,1,1,1,1.0
2025-04-02,P-1804A,2975,3H,1,1,1,1,1.0
2025-04-02,P-1804A,2975,4A,1,1,1,1,1.0
2025-04-02,P-1804A,2975,4V,1,1,1,1,1.0
2025-04-02,P-1804A,2975,4H,1,1,1,1,1.0
2025-03-17,P-1804A,2975,1V,1,1,1,1,1.0
2025-03-17,P-1804A,2975,1H,1,1,1,1,1.0
2025-03-17,P-1804A,2975,2A,1,1,1,1,1.0
2025-03-17,P-1804A,2975,2V,1,1,1,1,1.0
2025-03-17,P-1804A,2975,2H,1,1,1,1,1.0
2025-03-17,P-1804A,2975,3V,1,1,1,1,1.0
2025-03-17,P-1804A,2975,3H,1,1,1,1,1.0
2025-03-17,P-1804A,2975,4A,1,1,1,1,1.0
2025-03-17,P-1804A,2975,4V,1,1,1,1,1.0
2025-03-17,P-1804A,2975,4H,1,1,1,1,1.0
2025-02-17,P-1804A,2975,1V,1,1,1,1,1.0
2025-02-17,P-1804A,2975,1H,1,1,1,1,1.0
2025-02-17,P-1804A,2975,2A,1,1,1,1,1.0
2025-02-17,P-1804A,2975,2V,1,1,1,1,1.0
2025-02-17,P-1804A,2975,2H,1,1,1,1,1.0
2025-02-17,P-1804A,2975,3V,1,1,1,1,1.0
2025-02-17,P-1804A,2975,3H,1,1,1,1,1.0
2025-02-17,P-1804A,2975,4A,1,1,1,1,1.0
2025-02-17,P-1804A,2975,4V,1,1,1,1,1.0
2025-02-17,P-1804A,2975,4H,1,1,1,1,1.0
2025-01-20,P-1804A,2975,1V,1,1,1,1,1.0
2025-01-20,P-1804A,2975,1H,1,1,1,1,1.0
2025-01-20,P-1804A,2975,2A,1,1,1,1,1.0
2025-01-20,P-1804A,2975,2V,1,1,1,1,1.0
2025-01-20,P-1804A,2975,2H,1,1,1,1,1.0
2025-01-20,P-1804A,2975,3V,1,1,1,1,1.0
2025-01-20,P-1804A,2975,3H,1,1,1,1,1.0
2025-01-20,P-1804A,2975,4A,1,1,1,1,1.0
2025-01-20,P-1804A,2975,4V,1,1,1,1,1.0
2025-01-20,P-1804A,2975,4H,1,1,1,1,1.0
2025-01-09,P-1804A,2975,1V,1,1,1,1,1.0
2025-01-09,P-1804A,2975,1H,1,1,1,1,1.0
2025-01-09,P-1804A,2975,2A,1,1,1,1,1.0
2025-01-09,P-1804A,2975,2V,1,1,1,1,1.0
2025-01-09,P-1804A,2975,2H,1,1,1,1,1.0
2025-01-09,P-1804A,2975,3V,1,1,1,1,1.0
2025-01-09,P-1804A,2975,3H,1,1,1,1,1.0
2025-01-09,P-1804A,2975,4A,1,1,1,1,1.0
2025-01-09,P-1804A,2975,4V,1,1,1,1,1.0
2025-01-09,P-1804A,2975,4H,1,1,1,1,1.0
2025-11-06,2-G-7130B,2697,M1H,1,1,1,1,1.0
2025-11-06,2-G-7130B,2697,M1V,1,1,1,1,1.0
2025-11-06,2-G-7130B,2697,M2H,1,1,1,1,1.0
2025-11-06,2-G-7130B,2697,M2V,1,1,1,1,1.0
2025-11-06,2-G-7130B,2697,M2A,1,1,1,1,1.0
2025-11-06,2-G-7130B,2697,P3H,1,1,1,1,1.0
2025-11-06,2-G-7130B,2697,P3V,3,1,1,3,3.0
2025-11-06,2-G-7130B,2697,P4H,3,1,1,3,3.0
2025-11-06,2-G-7130B,2697,P4V,3,1,1,3,3.0
2025-11-06,2-G-7130B,2697,P4A,3,1,1,3,3.0
2025-01-29,B-1102,994,1A,1,1,1,3,3.0
2025-01-29,B-1102,994,1V,1,1,1,3,3.0
2025-01-29,B-1102,994,1H,1,1,1,3,3.0
2025-01-29,B-1102,994,2A,1,1,1,3,3.0
2025-01-29,B-1102,994,2V,1,1,1,3,3.0
2025-01-29,B-1102,994,2H,1,1,1,3,3.0
2025-01-29,B-1102,994,3A,1,1,1,1,1.0
2025-01-29,B-1102,994,3V,3,1,1,1,3.0
2025-01-29,B-1102,994,3H,3,1,1,1,3.0
2025-01-29,B-1102,994,4A,1,1,1,1,1.0
2025-01-29,B-1102,994,4V,1,1,1,1,1.0
2025-01-29,B-1102,994,4H,1,1,1,1,1.0
2025-01-14,B-1102,994,1A,1,1,1,3,3.0
2025-01-14,B-1102,994,1V,1,1,1,3,3.0
2025-01-14,B-1102,994,1H,1,1,1,3,3.0
2025-01-14,B-1102,994,2A,1,1,1,3,3.0
2025-01-14,B-1102,994,2V,1,1,1,3,3.0
2025-01-14,B-1102,994,2H,1,1,1,3,3.0
2025-01-14,B-1102,994,3A,3,1,1,1,3.0
2025-01-14,B-1102,994,3V,3,1,1,1,3.0
2025-01-14,B-1102,994,3H,3,1,1,1,3.0
2025-01-14,B-1102,994,4A,1,1,1,1,1.0
2025-01-14,B-1102,994,4V,1,1,1,1,1.0
2025-01-14,B-1102,994,4H,1,1,1,1,1.0
2025-01-13,B-1102,994,1A,1,1,1,3,3.0
2025-01-13,B-1102,994,1V,1,1,1,3,3.0
2025-01-13,B-1102,994,1H,1,1,1,3,3.0
2025-01-13,B-1102,994,2A,1,1,1,3,3.0
2025-01-13,B-1102,994,2V,1,1,1,3,3.0
2025-01-13,B-1102,994,2H,1,1,1,3,3.0
2025-01-13,B-1102,994,3A,3,1,1,1,3.0
2025-01-13,B-1102,994,3V,3,1,1,1,3.0
2025-01-13,B-1102,994,3H,3,1,1,1,3.0
2025-01-13,B-1102,994,4A,1,1,1,1,1.0
2025-01-13,B-1102,994,4V,1,1,1,1,1.0
2025-01-13,B-1102,994,4H,1,1,1,1,1.0
2025-01-31,B-1102,994,1A,1,1,1,3,3.0
2025-01-31,B-1102,994,1V,1,1,1,3,3.0
2025-01-31,B-1102,994,1H,1,1,1,3,3.0
2025-01-31,B-1102,994,2A,1,1,1,3,3.0
2025-01-31,B-1102,994,2V,1,1,1,3,3.0
2025-01-31,B-1102,994,2H,1,1,1,3,3.0
2025-01-31,B-1102,994,3A,3,1,1,1,3.0
2025-01-31,B-1102,994,3V,3,1,1,1,3.0
2025-01-31,B-1102,994,3H,3,1,1,1,3.0
2025-01-31,B-1102,994,4A,1,1,1,1,1.0
2025-01-31,B-1102,994,4V,3,1,1,1,3.0
2025-01-31,B-1102,994,4H,1,1,1,1,1.0
2025-03-20,B-1102,994,1A,1,1,1,3,3.0
2025-03-20,B-1102,994,1V,1,1,1,3,3.0
2025-03-20,B-1102,994,1H,1,1,1,3,3.0
2025-03-20,B-1102,994,2A,1,1,1,3,3.0
2025-03-20,B-1102,994,2V,1,1,1,3,3.0
2025-03-20,B-1102,994,2H,1,1,1,3,3.0
2025-03-20,B-1102,994,3A,1,1,1,1,1.0
2025-03-20,B-1102,994,3V,3,1,1,1,3.0
2025-03-20,B-1102,994,3H,3,1,1,1,3.0
2025-03-20,B-1102,994,4A,1,1,1,1,1.0
2025-03-20,B-1102,994,4V,1,1,1,1,1.0
2025-03-20,B-1102,994,4H,1,1,1,1,1.0
2025-03-28,B-1102,994,1A,1,1,1,1,1.0
2025-03-28,B-1102,994,1V,1,1,1,1,1.0
2025-03-28,B-1102,994,1H,1,1,1,1,1.0
2025-03-28,B-1102,994,2A,1,1,1,1,1.0
2025-03-28,B-1102,994,2V,1,1,1,1,1.0
2025-03-28,B-1102,994,2H,1,1,1,1,1.0
2025-03-28,B-1102,994,3A,1,1,1,1,1.0
2025-03-28,B-1102,994,3V,3,1,1,1,3.0
2025-03-28,B-1102,994,3H,3,1,1,1,3.0
2025-03-28,B-1102,994,4A,1,1,1,1,1.0
2025-03-28,B-1102,994,4V,1,1,1,1,1.0
2025-03-28,B-1102,994,4H,1,1,1,1,1.0
2025-03-31,B-1102,994,1A,1,1,1,1,1.0
2025-03-31,B-1102,994,1V,1,1,1,1,1.0
2025-03-31,B-1102,994,1H,1,1,1,1,1.0
2025-03-31,B-1102,994,2A,1,1,1,1,1.0
2025-03-31,B-1102,994,2V,1,1,1,1,1.0
2025-03-31,B-1102,994,2H,1,1,1,1,1.0
2025-03-31,B-1102,994,3A,1,1,1,1,1.0
2025-03-31,B-1102,994,3V,3,1,1,1,3.0
2025-03-31,B-1102,994,3H,3,1,1,1,3.0
2025-03-31,B-1102,994,4A,1,1,1,1,1.0
2025-03-31,B-1102,994,4V,1,1,1,1,1.0
2025-03-31,B-1102,994,4H,1,1,1,1,1.0
2025-03-24,B-1102,994,1A,1,1,1,3,3.0
2025-03-24,B-1102,994,1V,1,1,1,3,3.0
2025-03-24,B-1102,994,1H,1,1,1,3,3.0
2025-03-24,B-1102,994,2A,1,1,1,3,3.0
2025-03-24,B-1102,994,2V,1,1,1,3,3.0
2025-03-24,B-1102,994,2H,1,1,1,3,3.0
2025-03-24,B-1102,994,3A,1,1,1,1,1.0
2025-03-24,B-1102,994,3V,3,1,1,1,3.0
2025-03-24,B-1102,994,3H,3,1,1,1,3.0
2025-03-24,B-1102,994,4A,1,1,1,1,1.0
2025-03-24,B-1102,994,4V,1,1,1,1,1.0
2025-03-24,B-1102,994,4H,1,1,1,1,1.0
2025-09-16,P-0302R,2998,1v,1,1,1,1,1.0
2025-09-16,P-0302R,2998,1h,1,1,1,1,1.0
2025-09-16,P-0302R,2998,2A,1,1,1,1,1.0
2025-09-16,P-0302R,2998,2V,1,1,1,1,1.0
2025-09-16,P-0302R,2998,2H,1,1,1,1,1.0
2025-09-16,P-0302R,2998,3V,1,1,1,1,1.0
2025-09-16,P-0302R,2998,3H,1,1,1,1,1.0
2025-09-16,P-0302R,2998,4A,1,1,1,1,1.0
2025-09-16,P-0302R,2998,4V,1,1,1,1,1.0
2025-09-16,P-0302R,2998,4H,1,1,1,1,1.0
2025-02-03,P-0302R,2998,1v,1,1,1,1,1.0
2025-02-03,P-0302R,2998,1h,1,1,1,1,1.0
2025-02-03,P-0302R,2998,2A,1,1,1,1,1.0
2025-02-03,P-0302R,2998,2V,1,1,1,1,1.0
2025-02-03,P-0302R,2998,2H,1,1,1,1,1.0
2025-02-03,P-0302R,2998,3V,1,1,1,1,1.0
2025-02-03,P-0302R,2998,3H,1,1,1,1,1.0
2025-02-03,P-0302R,2998,4A,1,1,1,1,1.0
2025-02-03,P-0302R,2998,4V,1,1,1,1,1.0
2025-02-03,P-0302R,2998,4H,1,1,1,1,1.0
2025-01-11,P-0302R,2998,1v,1,1,1,1,1.0
2025-01-11,P-0302R,2998,1h,1,1,1,1,1.0
2025-01-11,P-0302R,2998,2A,1,1,1,1,1.0
2025-01-11,P-0302R,2998,2V,1,1,1,1,1.0
2025-01-11,P-0302R,2998,2H,1,1,1,1,1.0
2025-01-11,P-0302R,2998,3V,1,1,1,1,1.0
2025-01-11,P-0302R,2998,3H,1,1,1,1,1.0
2025-01-11,P-0302R,2998,4A,1,1,1,1,1.0
2025-01-11,P-0302R,2998,4V,1,1,1,1,1.0
2025-01-11,P-0302R,2998,4H,1,1,1,1,1.0
2024-12-16,P-0302R,2998,1v,1,1,1,1,1.0
2024-12-16,P-0302R,2998,1h,1,1,1,1,1.0
2024-12-16,P-0302R,2998,2A,1,1,1,1,1.0
2024-12-16,P-0302R,2998,2V,1,1,1,1,1.0
2024-12-16,P-0302R,2998,2H,1,1,1,1,1.0
2024-12-16,P-0302R,2998,3V,1,1,1,1,1.0
2024-12-16,P-0302R,2998,3H,1,1,1,1,1.0
2024-12-16,P-0302R,2998,4A,1,1,1,1,1.0
2024-12-16,P-0302R,2998,4V,1,1,1,1,1.0
2024-12-16,P-0302R,2998,4H,1,1,1,1,1.0
2024-07-02,P-0302R,2998,1v,1,1,1,1,1.0
2024-07-02,P-0302R,2998,1h,1,1,1,1,1.0
2024-07-02,P-0302R,2998,2A,1,1,1,1,1.0
2024-07-02,P-0302R,2998,2V,1,1,1,1,1.0
2024-07-02,P-0302R,2998,2H,1,1,1,1,1.0
2024-07-02,P-0302R,2998,3V,1,1,1,1,1.0
2024-07-02,P-0302R,2998,3H,1,1,1,1,1.0
2024-07-02,P-0302R,2998,4A,1,1,1,1,1.0
2024-07-02,P-0302R,2998,4V,1,1,1,1,1.0
2024-07-02,P-0302R,2998,4H,1,1,1,1,1.0
2025-12-23,P-1102R,2955,1V,1,1,1,1,1.0
2025-12-23,P-1102R,2955,1H,1,1,1,1,1.0
2025-12-23,P-1102R,2955,2A,1,2,1,1,2.0
2025-12-23,P-1102R,2955,2V,1,2,1,1,2.0
2025-12-23,P-1102R,2955,2H,1,2,1,1,2.0
2025-12-23,P-1102R,2955,3V,1,1,1,1,1.0
2025-12-23,P-1102R,2955,3H,1,1,1,1,1.0
2025-12-23,P-1102R,2955,4A,1,1,1,1,1.0
2025-12-23,P-1102R,2955,4V,1,1,1,1,1.0
2025-12-23,P-1102R,2955,4H,1,1,1,1,1.0
2025-12-22,P-1102R,2955,1V,1,1,1,1,1.0
2025-12-22,P-1102R,2955,1H,1,1,1,1,1.0
2025-12-22,P-1102R,2955,2A,1,2,1,1,2.0
2025-12-22,P-1102R,2955,2V,1,2,1,1,2.0
2025-12-22,P-1102R,2955,2H,1,2,1,1,2.0
2025-12-22,P-1102R,2955,3V,1,1,1,1,1.0
2025-12-22,P-1102R,2955,3H,1,1,1,1,1.0
2025-12-22,P-1102R,2955,4A,1,1,1,1,1.0
2025-12-22,P-1102R,2955,4V,1,1,1,1,1.0
2025-12-22,P-1102R,2955,4H,1,1,1,1,1.0
2025-09-10,P-1102R,2955,1V,1,1,1,1,1.0
2025-09-10,P-1102R,2955,1H,1,1,1,1,1.0
2025-09-10,P-1102R,2955,2A,1,2,1,1,2.0
2025-09-10,P-1102R,2955,2V,1,2,1,1,2.0
2025-09-10,P-1102R,2955,2H,1,2,1,1,2.0
2025-09-10,P-1102R,2955,3V,1,1,1,1,1.0
2025-09-10,P-1102R,2955,3H,1,1,1,1,1.0
2025-09-10,P-1102R,2955,4A,1,1,1,1,1.0
2025-09-10,P-1102R,2955,4V,1,1,1,1,1.0
2025-09-10,P-1102R,2955,4H,1,1,1,1,1.0
2025-06-23,P-1102R,2955,1V,1,1,1,1,1.0
2025-06-23,P-1102R,2955,1H,1,1,1,1,1.0
2025-06-23,P-1102R,2955,2A,1,2,1,1,2.0
2025-06-23,P-1102R,2955,2V,1,2,1,1,2.0
2025-06-23,P-1102R,2955,2H,1,2,1,1,2.0
2025-06-23,P-1102R,2955,3V,1,1,1,1,1.0
2025-06-23,P-1102R,2955,3H,1,1,1,1,1.0
2025-06-23,P-1102R,2955,4A,1,1,1,1,1.0
2025-06-23,P-1102R,2955,4V,1,1,1,1,1.0
2025-06-23,P-1102R,2955,4H,1,1,1,1,1.0
2025-06-23,P-1102R,2955,1V,1,1,1,1,1.0
2025-06-23,P-1102R,2955,1H,1,1,1,1,1.0
2025-06-23,P-1102R,2955,2A,1,2,1,1,2.0
2025-06-23,P-1102R,2955,2V,1,2,1,1,2.0
2025-06-23,P-1102R,2955,2H,1,2,1,1,2.0
2025-06-23,P-1102R,2955,3V,1,1,1,1,1.0
2025-06-23,P-1102R,2955,3H,1,1,1,1,1.0
2025-06-23,P-1102R,2955,4A,1,1,1,1,1.0
2025-06-23,P-1102R,2955,4V,1,1,1,1,1.0
2025-06-23,P-1102R,2955,4H,1,1,1,1,1.0
2025-05-23,P-1802,1495,1V,1,1,1,1,1.0
2025-05-23,P-1802,1495,1H,1,1,1,1,1.0
2025-05-23,P-1802,1495,1A,1,1,1,1,1.0
2025-05-23,P-1802,1495,2V,1,1,1,1,1.0
2025-05-23,P-1802,1495,2H,1,1,1,1,1.0
2025-05-23,P-1802,1495,2A,1,1,1,1,1.0
2025-05-23,P-1802,1495,3V,3,1,1,1,3.0
2025-05-23,P-1802,1495,3H,3,1,1,1,3.0
2025-05-23,P-1802,1495,3A,3,1,1,1,3.0
2025-05-23,P-1802,1495,4V,1,1,1,1,1.0
2025-05-23,P-1802,1495,4H,1,1,1,1,1.0
2025-05-23,P-1802,1495,4A,1,1,1,1,1.0
2025-05-21,P-1802,1495,1V,1,1,1,1,1.0
2025-05-21,P-1802,1495,1H,1,1,1,1,1.0
2025-05-21,P-1802,1495,1A,1,1,1,1,1.0
2025-05-21,P-1802,1495,2V,1,1,1,1,1.0
2025-05-21,P-1802,1495,2H,1,1,1,1,1.0
2025-05-21,P-1802,1495,2A,1,1,1,1,1.0
2025-05-21,P-1802,1495,3V,3,1,1,1,3.0
2025-05-21,P-1802,1495,3H,3,1,1,1,3.0
2025-05-21,P-1802,1495,3A,3,1,1,1,3.0
2025-05-21,P-1802,1495,4V,1,1,1,1,1.0
2025-05-21,P-1802,1495,4H,1,1,1,1,1.0
2025-05-21,P-1802,1495,4A,1,1,1,1,1.0
2025-05-19,P-1802,1495,1V,1,1,1,1,1.0
2025-05-19,P-1802,1495,1H,1,1,1,1,1.0
2025-05-19,P-1802,1495,1A,1,1,1,1,1.0
2025-05-19,P-1802,1495,2V,1,1,1,1,1.0
2025-05-19,P-1802,1495,2H,1,1,1,1,1.0
2025-05-19,P-1802,1495,2A,1,1,1,1,1.0
2025-05-19,P-1802,1495,3V,3,1,1,1,3.0
2025-05-19,P-1802,1495,3H,3,1,1,1,3.0
2025-05-19,P-1802,1495,3A,3,1,1,1,3.0
2025-05-19,P-1802,1495,4V,1,1,1,1,1.0
2025-05-19,P-1802,1495,4H,1,1,1,1,1.0
2025-05-19,P-1802,1495,4A,1,1,1,1,1.0
2025-05-16,P-1802,1495,1V,1,1,1,1,1.0
2025-05-16,P-1802,1495,1H,1,1,1,1,1.0
2025-05-16,P-1802,1495,1A,1,1,1,1,1.0
2025-05-16,P-1802,1495,2V,1,1,1,1,1.0
2025-05-16,P-1802,1495,2H,1,1,1,1,1.0
2025-05-16,P-1802,1495,2A,1,1,1,1,1.0
2025-05-16,P-1802,1495,3V,3,1,1,1,3.0
2025-05-16,P-1802,1495,3H,3,1,1,1,3.0
2025-05-16,P-1802,1495,3A,3,1,1,1,3.0
2025-05-16,P-1802,1495,4V,1,1,1,1,1.0
2025-05-16,P-1802,1495,4H,1,1,1,1,1.0
2025-05-16,P-1802,1495,4A,1,1,1,1,1.0
2025-05-15,P-1802,1495,1V,1,1,1,1,1.0
2025-05-15,P-1802,1495,1H,1,1,1,1,1.0
2025-05-15,P-1802,1495,1A,1,1,1,1,1.0
2025-05-15,P-1802,1495,2V,1,1,1,1,1.0
2025-05-15,P-1802,1495,2H,1,1,1,1,1.0
2025-05-15,P-1802,1495,2A,1,1,1,1,1.0
2025-05-15,P-1802,1495,3V,3,1,1,1,3.0
2025-05-15,P-1802,1495,3H,3,1,1,1,3.0
2025-05-15,P-1802,1495,3A,3,1,1,1,3.0
2025-05-15,P-1802,1495,4V,1,1,1,1,1.0
2025-05-15,P-1802,1495,4H,1,1,1,1,1.0
2025-05-15,P-1802,1495,4A,1,1,1,1,1.0
2025-05-15,P-1802,1495,1V,1,1,1,1,1.0
2025-05-15,P-1802,1495,1H,1,1,1,1,1.0
2025-05-15,P-1802,1495,1A,1,1,1,1,1.0
2025-05-15,P-1802,1495,2V,1,1,1,1,1.0
2025-05-15,P-1802,1495,2H,1,1,1,1,1.0
2025-05-15,P-1802,1495,2A,1,1,1,1,1.0
2025-05-15,P-1802,1495,3V,3,1,1,1,3.0
2025-05-15,P-1802,1495,3H,3,1,1,1,3.0
2025-05-15,P-1802,1495,3A,3,1,1,1,3.0
2025-05-15,P-1802,1495,4V,1,1,1,1,1.0
2025-05-15,P-1802,1495,4H,1,1,1,1,1.0
2025-05-15,P-1802,1495,4A,1,1,1,1,1.0
2025-05-15,P-1802,1495,1V,1,1,1,1,1.0
2025-05-15,P-1802,1495,1H,1,1,1,1,1.0
2025-05-15,P-1802,1495,1A,1,1,1,1,1.0
2025-05-15,P-1802,1495,2V,1,1,1,1,1.0
2025-05-15,P-1802,1495,2H,1,1,1,1,1.0
2025-05-15,P-1802,1495,2A,1,1,1,1,1.0
2025-05-15,P-1802,1495,3V,3,1,1,1,3.0
2025-05-15,P-1802,1495,3H,3,1,1,1,3.0
2025-05-15,P-1802,1495,3A,3,1,1,1,3.0
2025-05-15,P-1802,1495,4V,1,1,1,1,1.0
2025-05-15,P-1802,1495,4H,1,1,1,1,1.0
2025-05-15,P-1802,1495,4A,1,1,1,1,1.0
2025-05-11,P-1802,1495,1V,1,1,1,1,1.0
2025-05-11,P-1802,1495,1H,1,1,1,1,1.0
2025-05-11,P-1802,1495,1A,1,1,1,1,1.0
2025-05-11,P-1802,1495,2V,1,1,1,1,1.0
2025-05-11,P-1802,1495,2H,1,1,1,1,1.0
2025-05-11,P-1802,1495,2A,1,1,1,1,1.0
2025-05-11,P-1802,1495,3V,3,1,1,1,3.0
2025-05-11,P-1802,1495,3H,3,1,1,1,3.0
2025-05-11,P-1802,1495,3A,3,1,1,1,3.0
2025-05-11,P-1802,1495,4V,1,1,1,1,1.0
2025-05-11,P-1802,1495,4H,1,1,1,1,1.0
2025-05-11,P-1802,1495,4A,1,1,1,1,1.0
2025-05-10,P-1802,1495,1V,1,1,1,1,1.0
2025-05-10,P-1802,1495,1H,1,1,1,1,1.0
2025-05-10,P-1802,1495,1A,1,1,1,1,1.0
2025-05-10,P-1802,1495,2V,1,1,1,1,1.0
2025-05-10,P-1802,1495,2H,1,1,1,1,1.0
2025-05-10,P-1802,1495,2A,1,1,1,1,1.0
2025-05-10,P-1802,1495,3V,3,1,1,1,3.0
2025-05-10,P-1802,1495,3H,3,1,1,1,3.0
2025-05-10,P-1802,1495,3A,3,1,1,1,3.0
2025-05-10,P-1802,1495,4V,1,1,1,1,1.0
2025-05-10,P-1802,1495,4H,1,1,1,1,1.0
2025-05-10,P-1802,1495,4A,1,1,1,1,1.0
2025-05-10,P-1802,1495,1V,1,1,1,1,1.0
2025-05-10,P-1802,1495,1H,1,1,1,1,1.0
2025-05-10,P-1802,1495,1A,1,1,1,1,1.0
2025-05-10,P-1802,1495,2V,1,1,1,1,1.0
2025-05-10,P-1802,1495,2H,1,1,1,1,1.0
2025-05-10,P-1802,1495,2A,1,1,1,1,1.0
2025-05-10,P-1802,1495,3V,3,1,1,1,3.0
2025-05-10,P-1802,1495,3H,3,1,1,1,3.0
2025-05-10,P-1802,1495,3A,3,1,1,1,3.0
2025-05-10,P-1802,1495,4V,1,1,1,1,1.0
2025-05-10,P-1802,1495,4H,1,1,1,1,1.0
2025-05-10,P-1802,1495,4A,1,1,1,1,1.0
2025-05-10,P-1802,1495,1V,1,1,1,1,1.0
2025-05-10,P-1802,1495,1H,1,1,1,1,1.0
2025-05-10,P-1802,1495,1A,1,1,1,1,1.0
2025-05-10,P-1802,1495,2V,1,1,1,1,1.0
2025-05-10,P-1802,1495,2H,1,1,1,1,1.0
2025-05-10,P-1802,1495,2A,1,1,1,1,1.0
2025-05-10,P-1802,1495,3V,3,1,1,1,3.0
2025-05-10,P-1802,1495,3H,3,1,1,1,3.0
2025-05-10,P-1802,1495,3A,3,1,1,1,3.0
2025-05-10,P-1802,1495,4V,1,1,1,1,1.0
2025-05-10,P-1802,1495,4H,1,1,1,1,1.0
2025-05-10,P-1802,1495,4A,1,1,1,1,1.0
2025-05-10,P-1802,1495,1V,1,1,1,1,1.0
2025-05-10,P-1802,1495,1H,1,1,1,1,1.0
2025-05-10,P-1802,1495,1A,1,1,1,1,1.0
2025-05-10,P-1802,1495,2V,1,1,1,1,1.0
2025-05-10,P-1802,1495,2H,1,1,1,1,1.0
2025-05-10,P-1802,1495,2A,1,1,1,1,1.0
2025-05-10,P-1802,1495,3V,3,1,1,1,3.0
2025-05-10,P-1802,1495,3H,3,1,1,1,3.0
2025-05-10,P-1802,1495,3A,3,1,1,1,3.0
2025-05-10,P-1802,1495,4V,1,1,1,1,1.0
2025-05-10,P-1802,1495,4H,1,1,1,1,1.0
2025-05-10,P-1802,1495,4A,1,1,1,1,1.0
2025-05-09,P-1802,1495,1V,1,1,1,1,1.0
2025-05-09,P-1802,1495,1H,1,1,1,1,1.0
2025-05-09,P-1802,1495,1A,1,1,1,1,1.0
2025-05-09,P-1802,1495,2V,1,1,1,1,1.0
2025-05-09,P-1802,1495,2H,1,1,1,1,1.0
2025-05-09,P-1802,1495,2A,1,1,1,1,1.0
2025-05-09,P-1802,1495,3V,3,1,1,1,3.0
2025-05-09,P-1802,1495,3H,3,1,1,1,3.0
2025-05-09,P-1802,1495,3A,3,1,1,1,3.0
2025-05-09,P-1802,1495,4V,1,1,1,1,1.0
2025-05-09,P-1802,1495,4H,1,1,1,1,1.0
2025-05-09,P-1802,1495,4A,1,1,1,1,1.0
2025-05-08,P-1802,1495,1V,1,1,1,1,1.0
2025-05-08,P-1802,1495,1H,1,1,1,1,1.0
2025-05-08,P-1802,1495,1A,1,1,1,1,1.0
2025-05-08,P-1802,1495,2V,1,1,1,1,1.0
2025-05-08,P-1802,1495,2H,1,1,1,1,1.0
2025-05-08,P-1802,1495,2A,1,1,1,1,1.0
2025-05-08,P-1802,1495,3V,3,1,1,1,3.0
2025-05-08,P-1802,1495,3H,3,1,1,1,3.0
2025-05-08,P-1802,1495,3A,3,1,1,1,3.0
2025-05-08,P-1802,1495,4V,1,1,1,1,1.0
2025-05-08,P-1802,1495,4H,1,1,1,1,1.0
2025-05-08,P-1802,1495,4A,1,1,1,1,1.0
2025-05-07,P-1802,1495,1V,1,1,1,1,1.0
2025-05-07,P-1802,1495,1H,1,1,1,1,1.0
2025-05-07,P-1802,1495,1A,1,1,1,1,1.0
2025-05-07,P-1802,1495,2V,1,1,1,1,1.0
2025-05-07,P-1802,1495,2H,1,1,1,1,1.0
2025-05-07,P-1802,1495,2A,1,1,1,1,1.0
2025-05-07,P-1802,1495,3V,3,1,1,1,3.0
2025-05-07,P-1802,1495,3H,3,1,1,1,3.0
2025-05-07,P-1802,1495,3A,3,1,1,1,3.0
2025-05-07,P-1802,1495,4V,1,1,1,1,1.0
2025-05-07,P-1802,1495,4H,1,1,1,1,1.0
2025-05-07,P-1802,1495,4A,1,1,1,1,1.0
2025-12-01,P-4150A,994,1A,1,1,1,1,1.0
2025-12-01,P-4150A,994,1V,2,2,1,2,2.0
2025-12-01,P-4150A,994,1H,2,1,1,2,2.0
2025-12-01,P-4150A,994,2A,2,2,1,1,2.0
2025-12-01,P-4150A,994,2V,2,2,1,2,2.0
2025-12-01,P-4150A,994,2H,2,2,1,2,2.0
2025-12-01,P-4150A,994,3A,1,1,1,2,2.0
2025-12-01,P-4150A,994,3V,1,1,1,2,2.0
2025-12-01,P-4150A,994,3H,1,1,1,2,2.0
2025-12-01,P-4150A,994,4A,1,1,1,1,1.0
2025-12-01,P-4150A,994,4V,1,1,1,1,1.0
2025-12-01,P-4150A,994,4H,1,1,1,2,2.0
2025-10-20,P-4150A,994,1A,1,1,1,1,1.0
2025-10-20,P-4150A,994,1V,2,2,1,2,2.0
2025-10-20,P-4150A,994,1H,2,1,1,2,2.0
2025-10-20,P-4150A,994,2A,1,2,1,1,2.0
2025-10-20,P-4150A,994,2V,2,2,1,2,2.0
2025-10-20,P-4150A,994,2H,1,2,1,2,2.0
2025-10-20,P-4150A,994,3A,1,1,1,2,2.0
2025-10-20,P-4150A,994,3V,2,2,1,2,2.0
2025-10-20,P-4150A,994,3H,1,1,1,2,2.0
2025-10-20,P-4150A,994,4A,1,1,1,1,1.0
2025-10-20,P-4150A,994,4V,1,1,1,1,1.0
2025-10-20,P-4150A,994,4H,1,1,1,2,2.0
2025-08-18,P-4150A,994,1A,1,1,1,1,1.0
2025-08-18,P-4150A,994,1V,1,1,1,2,2.0
2025-08-18,P-4150A,994,1H,1,1,1,2,2.0
2025-08-18,P-4150A,994,2A,2,2,1,2,2.0
2025-08-18,P-4150A,994,2V,1,2,1,2,2.0
2025-08-18,P-4150A,994,2H,2,1,1,2,2.0
2025-08-18,P-4150A,994,3A,1,1,1,2,2.0
2025-08-18,P-4150A,994,3V,2,2,1,2,2.0
2025-08-18,P-4150A,994,3H,1,1,1,2,2.0
2025-08-18,P-4150A,994,4A,1,1,1,2,2.0
2025-08-18,P-4150A,994,4V,1,1,1,1,1.0
2025-08-18,P-4150A,994,4H,1,2,1,2,2.0
2025-06-19,P-4150A,994,1A,1,1,1,1,1.0
2025-06-19,P-4150A,994,1V,2,2,1,2,2.0
2025-06-19,P-4150A,994,1H,2,1,1,2,2.0
2025-06-19,P-4150A,994,2A,1,2,1,2,2.0
2025-06-19,P-4150A,994,2V,2,2,1,2,2.0
2025-06-19,P-4150A,994,2H,1,1,1,2,2.0
2025-06-19,P-4150A,994,3A,1,1,1,2,2.0
2025-06-19,P-4150A,994,3V,2,1,1,2,2.0
2025-06-19,P-4150A,994,3H,1,1,1,2,2.0
2025-06-19,P-4150A,994,4A,1,1,1,1,1.0
2025-06-19,P-4150A,994,4V,1,1,1,1,1.0
2025-06-19,P-4150A,994,4H,1,1,1,2,2.0
2025-04-04,P-4150A,994,1A,1,1,1,1,1.0
2025-04-04,P-4150A,994,1V,2,2,1,2,2.0
2025-04-04,P-4150A,994,1H,2,1,1,2,2.0
2025-04-04,P-4150A,994,2A,2,1,1,2,2.0
2025-04-04,P-4150A,994,2V,1,1,1,2,2.0
2025-04-04,P-4150A,994,2H,2,2,1,2,2.0
2025-04-04,P-4150A,994,3A,1,1,1,2,2.0
2025-04-04,P-4150A,994,3V,2,1,1,2,2.0
2025-04-04,P-4150A,994,3H,1,1,1,2,2.0
2025-04-04,P-4150A,994,4A,2,2,1,2,2.0
2025-04-04,P-4150A,994,4V,1,1,1,2,2.0
2025-04-04,P-4150A,994,4H,1,1,1,2,2.0
2025-03-06,P-4150A,994,1A,1,1,1,1,1.0
2025-03-06,P-4150A,994,1V,2,1,1,2,2.0
2025-03-06,P-4150A,994,1H,2,1,1,2,2.0
2025-03-06,P-4150A,994,2A,2,1,1,2,2.0
2025-03-06,P-4150A,994,2V,2,1,1,2,2.0
2025-03-06,P-4150A,994,2H,2,1,1,2,2.0
2025-03-06,P-4150A,994,3A,1,1,1,2,2.0
2025-03-06,P-4150A,994,3V,2,2,1,2,2.0
2025-03-06,P-4150A,994,3H,1,1,1,2,2.0
2025-03-06,P-4150A,994,4A,2,2,1,2,2.0
2025-03-06,P-4150A,994,4V,1,1,1,2,2.0
2025-03-06,P-4150A,994,4H,1,1,1,2,2.0
2024-05-10,G-510A,2980,M1H,1,1,1,1,1.0
2024-05-10,G-510A,2980,M1V,1,1,1,1,1.0
2024-05-10,G-510A,2980,M1A,0,0,0,0,0.0
2024-05-10,G-510A,2980,M2H,1,1,1,1,1.0
2024-05-10,G-510A,2980,M2V,1,1,1,1,1.0
2024-05-10,G-510A,2980,M2A,1,1,1,1,1.0
2024-05-10,G-510A,2980,P1H,1,1,1,1,1.0
2024-05-10,G-510A,2980,P1V,1,1,1,1,1.0
2024-05-10,G-510A,2980,P1A,1,1,1,1,1.0
2024-05-10,G-510A,2980,P2H,1,1,1,1,1.0
2024-05-10,G-510A,2980,P2V,1,1,1,1,1.0
2024-05-10,G-510A,2980,P2A,1,1,1,1,1.0
2024-07-19,G-510A,2980,M1H,1,1,1,1,1.0
2024-07-19,G-510A,2980,M1V,1,1,1,1,1.0
2024-07-19,G-510A,2980,M1A,0,0,0,0,0.0
2024-07-19,G-510A,2980,M2H,1,1,1,1,1.0
2024-07-19,G-510A,2980,M2V,1,1,1,1,1.0
2024-07-19,G-510A,2980,M2A,1,1,1,1,1.0
2024-07-19,G-510A,2980,P1H,1,1,1,1,1.0
2024-07-19,G-510A,2980,P1V,1,1,1,1,1.0
2024-07-19,G-510A,2980,P1A,1,1,1,1,1.0
2024-07-19,G-510A,2980,P2H,1,1,1,1,1.0
2024-07-19,G-510A,2980,P2V,1,1,1,1,1.0
2024-07-19,G-510A,2980,P2A,1,1,1,1,1.0
2024-09-06,G-510A,2980,M1H,1,1,1,1,1.0
2024-09-06,G-510A,2980,M1V,1,1,1,1,1.0
2024-09-06,G-510A,2980,M1A,0,0,0,0,0.0
2024-09-06,G-510A,2980,M2H,1,1,1,1,1.0
2024-09-06,G-510A,2980,M2V,1,1,1,1,1.0
2024-09-06,G-510A,2980,M2A,1,1,1,1,1.0
2024-09-06,G-510A,2980,P1H,1,1,1,1,1.0
2024-09-06,G-510A,2980,P1V,1,1,1,1,1.0
2024-09-06,G-510A,2980,P1A,1,1,1,1,1.0
2024-09-06,G-510A,2980,P2H,1,1,1,1,1.0
2024-09-06,G-510A,2980,P2V,1,1,1,1,1.0
2024-09-06,G-510A,2980,P2A,1,1,1,1,1.0
2025-01-23,G-510A,2980,M1H,1,1,1,1,1.0
2025-01-23,G-510A,2980,M1V,1,1,1,1,1.0
2025-01-23,G-510A,2980,M1A,0,0,0,0,0.0
2025-01-23,G-510A,2980,M2H,1,1,1,1,1.0
2025-01-23,G-510A,2980,M2V,1,1,1,1,1.0
2025-01-23,G-510A,2980,M2A,1,1,1,1,1.0
2025-01-23,G-510A,2980,P1H,1,1,1,1,1.0
2025-01-23,G-510A,2980,P1V,1,1,1,1,1.0
2025-01-23,G-510A,2980,P1A,1,1,1,1,1.0
2025-01-23,G-510A,2980,P2H,1,1,1,1,1.0
2025-01-23,G-510A,2980,P2V,1,1,1,1,1.0
2025-01-23,G-510A,2980,P2A,1,1,1,1,1.0
2025-07-11,P-1100B,2980,M1H,1,1,1,1,1.0
2025-07-11,P-1100B,2980,M1V,1,1,1,1,1.0
2025-07-11,P-1100B,2980,M2H,1,1,1,1,1.0
2025-07-11,P-1100B,2980,M2V,1,1,1,1,1.0
2025-07-11,P-1100B,2980,M2A,1,1,1,1,1.0
2025-07-11,P-1100B,2980,P1H,1,1,1,1,1.0
2025-07-11,P-1100B,2980,P1V,1,1,1,1,1.0
2025-07-11,P-1100B,2980,P1A,1,1,1,1,1.0
2025-07-11,P-1100B,2980,P2H,1,1,1,1,1.0
2025-07-11,P-1100B,2980,P2V,1,1,1,1,1.0
2025-07-11,P-1100B,2980,P2A,1,1,1,1,1.0
2025-11-28,G-610B,2960,M1H,1,1,1,2,2.0
2025-11-28,G-610B,2960,M1V,1,1,1,1,1.0
2025-11-28,G-610B,2960,M2H,1,1,1,2,2.0
2025-11-28,G-610B,2960,M2V,1,1,1,1,1.0
2025-11-28,G-610B,2960,M2A,1,1,1,1,1.0
2025-11-28,G-610B,2960,P1H,1,1,1,1,1.0
2025-11-28,G-610B,2960,P1V,1,1,1,1,1.0
2025-11-28,G-610B,2960,P1A,1,1,1,1,1.0
2025-11-28,G-610B,2960,P2H,1,1,1,1,1.0
2025-11-28,G-610B,2960,P2V,1,1,1,1,1.0
2025-11-28,G-610B,2960,P2A,1,1,1,1,1.0
